Date,rf
2012-01-04,0.0
2012-01-05,0.0
2012-01-06,0.0
2012-01-09,0.00021894397503685603
2012-01-10,0.0
2012-01-11,-0.00021889604906577542
2012-01-12,0.0
2012-01-13,0.0
2012-01-17,0.0
2012-01-18,0.0
2012-01-19,0.0
2012-01-20,0.0
2012-01-23,0.0
2012-01-24,0.0
2012-01-25,0.0
2012-01-26,0.0
2012-01-27,0.0
2012-01-30,0.00021894397503685603
2012-01-31,-0.00021889604906577542
2012-02-01,0.0
2012-02-02,0.0
2012-02-03,0.0
2012-02-06,0.00021894397503685603
2012-02-07,-0.00021889604906577542
2012-02-08,0.00021894397503685603
2012-02-09,-0.00021889604906577542
2012-02-10,0.00021894397503685603
2012-02-13,-0.00021889604906577542
2012-02-14,0.00021894397503685603
2012-02-15,-0.00021889604906577542
2012-02-16,0.00021894397503685603
2012-02-17,-0.00021889604906577542
2012-02-21,0.0
2012-02-22,0.0
2012-02-23,0.0
2012-02-24,0.00021894397503685603
2012-02-27,-0.00021889604906577542
2012-02-28,0.0
2012-02-29,0.00021894397503685603
2012-03-01,-0.00021889604906577542
2012-03-02,0.0
2012-03-05,0.0
2012-03-06,0.0
2012-03-07,0.0
2012-03-08,0.00021894397503685603
2012-03-09,0.0
2012-03-12,0.0
2012-03-13,0.0
2012-03-14,-0.00021889604906577542
2012-03-15,0.0
2012-03-16,0.0
2012-03-19,0.00021894397503685603
2012-03-20,0.0
2012-03-21,0.0
2012-03-22,0.0
2012-03-23,0.0
2012-03-26,0.0
2012-03-27,-0.00021889604906577542
2012-03-28,0.00021894397503685603
2012-03-29,-0.00021889604906577542
2012-03-30,0.0
2012-04-02,-0.00021801405725707657
2012-04-03,0.00021806159775072942
2012-04-04,-0.00021801405725707657
2012-04-05,0.00021806159775072942
2012-04-09,0.00021894397503685603
2012-04-10,0.0
2012-04-11,0.0
2012-04-12,-0.00021889604906577542
2012-04-13,-0.00021801405725707657
2012-04-16,0.00021806159775072942
2012-04-17,0.0
2012-04-18,0.0
2012-04-19,0.00021894397503685603
2012-04-20,-0.00021889604906577542
2012-04-23,0.00021894397503685603
2012-04-24,0.0
2012-04-25,-0.00021889604906577542
2012-04-26,0.00021894397503685603
2012-04-27,-0.00021889604906577542
2012-04-30,0.00021894397503685603
2012-05-01,0.0
2012-05-02,0.0
2012-05-03,-0.00021889604906577542
2012-05-04,0.0
2012-05-07,0.00021894397503685603
2012-05-08,0.0
2012-05-09,0.0
2012-05-10,0.0
2012-05-11,0.0
2012-05-14,0.0
2012-05-15,0.0
2012-05-16,0.0
2012-05-17,0.0
2012-05-18,0.0
2012-05-21,0.0
2012-05-22,-0.0004368623839070551
2012-05-23,0.0
2012-05-24,0.0004370533160606982
2012-05-25,0.0
2012-05-29,0.0
2012-05-30,0.0
2012-05-31,0.0
2012-06-01,0.0
2012-06-04,0.0
2012-06-05,0.0
2012-06-06,-0.00021889604906577542
2012-06-07,0.0
2012-06-08,0.0
2012-06-11,0.0
2012-06-12,0.00021894397503685603
2012-06-13,0.0
2012-06-14,0.0
2012-06-15,-0.00021889604906577542
2012-06-18,0.00021894397503685603
2012-06-19,-0.0004368623839070551
2012-06-20,0.0
2012-06-21,0.0004370533160606982
2012-06-22,-0.00021889604906577542
2012-06-25,0.00021894397503685603
2012-06-26,0.0
2012-06-27,-0.00021889604906577542
2012-06-28,0.00021894397503685603
2012-06-29,-0.0004368623839070551
2012-07-02,0.0
2012-07-03,0.0
2012-07-05,0.0
2012-07-06,0.0
2012-07-09,0.0
2012-07-10,0.0
2012-07-11,0.0
2012-07-12,0.0
2012-07-13,0.00021806159775072942
2012-07-16,-0.00021801405725707657
2012-07-17,0.0
2012-07-18,0.0
2012-07-19,0.00021806159775072942
2012-07-20,-0.00021801405725707657
2012-07-23,0.0
2012-07-24,0.00021806159775072942
2012-07-25,0.00021894397503685603
2012-07-26,-0.00021889604906577542
2012-07-27,0.00021894397503685603
2012-07-30,0.0
2012-07-31,-0.0004368623839070551
2012-08-01,0.00021806159775072942
2012-08-02,0.0
2012-08-03,0.0
2012-08-06,0.00021894397503685603
2012-08-07,-0.00021889604906577542
2012-08-08,-0.00021801405725707657
2012-08-09,0.0
2012-08-10,0.0
2012-08-13,0.0
2012-08-14,0.0
2012-08-15,0.0
2012-08-16,0.0
2012-08-17,0.0
2012-08-20,0.0
2012-08-21,0.0
2012-08-22,0.0
2012-08-23,0.0
2012-08-24,0.0
2012-08-27,0.0
2012-08-28,0.0
2012-08-29,0.0
2012-08-30,0.0
2012-08-31,0.0
2012-09-04,0.0
2012-09-05,0.00021806159775072942
2012-09-06,0.0
2012-09-07,-0.00021801405725707657
2012-09-10,0.0
2012-09-11,0.0
2012-09-12,0.0
2012-09-13,0.0
2012-09-14,0.0
2012-09-17,0.0
2012-09-18,0.0
2012-09-19,0.0
2012-09-20,0.0
2012-09-21,0.0
2012-09-24,0.0
2012-09-25,0.0
2012-09-26,0.0
2012-09-27,0.00021806159775072942
2012-09-28,-0.00021801405725707657
2012-10-01,0.0
2012-10-02,0.00021806159775072942
2012-10-03,-0.00021801405725707657
2012-10-04,0.0
2012-10-05,0.0
2012-10-08,0.0
2012-10-09,0.0
2012-10-10,0.00021806159775072942
2012-10-11,0.0
2012-10-12,-0.00021801405725707657
2012-10-15,0.00021806159775072942
2012-10-16,-0.00021801405725707657
2012-10-17,0.00021806159775072942
2012-10-18,-0.00021801405725707657
2012-10-19,0.0
2012-10-22,0.0
2012-10-23,0.00021806159775072942
2012-10-24,0.0
2012-10-25,-0.00021801405725707657
2012-10-26,0.0
2012-10-31,0.00021806159775072942
2012-11-01,0.0
2012-11-02,0.0
2012-11-05,-0.00021801405725707657
2012-11-06,0.0
2012-11-07,0.00021806159775072942
2012-11-08,0.0
2012-11-09,0.0
2012-11-12,0.0
2012-11-13,0.0
2012-11-14,0.0
2012-11-15,0.0
2012-11-16,0.0
2012-11-19,0.0
2012-11-20,-0.00021801405725707657
2012-11-21,0.0
2012-11-23,0.0
2012-11-26,0.0
2012-11-27,0.0
2012-11-28,0.0
2012-11-29,0.0
2012-11-30,0.0
2012-12-03,0.0
2012-12-04,0.0
2012-12-05,0.0
2012-12-06,0.0
2012-12-07,0.0
2012-12-10,0.0
2012-12-11,0.0
2012-12-12,0.0
2012-12-13,0.0
2012-12-14,0.0
2012-12-17,0.0
2012-12-18,0.00021806159775072942
2012-12-19,-0.00021801405725707657
2012-12-20,0.0
2012-12-21,0.0
2012-12-24,0.0
2012-12-26,0.0
2012-12-27,0.0
2012-12-28,0.00021806159775072942
2012-12-31,-0.00021801405725707657
2013-01-02,0.0
2013-01-03,0.0
2013-01-04,0.00021806159775072942
2013-01-07,-0.0004362347629096597
2013-01-08,0.0
2013-01-09,0.0
2013-01-10,0.0
2013-01-11,0.0
2013-01-14,0.0
2013-01-15,0.0
2013-01-16,0.0
2013-01-17,0.00021831594265608878
2013-01-18,-0.00021826829120830116
2013-01-22,0.0
2013-01-23,0.0
2013-01-24,0.00021831594265608878
2013-01-25,-0.00021826829120830116
2013-01-28,0.0
2013-01-29,0.0
2013-01-30,0.0
2013-01-31,0.00021831594265608878
2013-02-01,-0.00021826829120830116
2013-02-04,0.0
2013-02-05,0.00021831594265608878
2013-02-06,0.0
2013-02-07,0.0
2013-02-08,0.0
2013-02-11,0.0
2013-02-12,0.0
2013-02-13,-0.00021826829120830116
2013-02-14,0.00021831594265608878
2013-02-15,-0.00021826829120830116
2013-02-19,0.0
2013-02-20,0.00021831594265608878
2013-02-21,-0.00021826829120830116
2013-02-22,0.00021831594265608878
2013-02-25,-0.00021826829120830116
2013-02-26,0.0
2013-02-27,0.00021831594265608878
2013-02-28,0.0
2013-03-01,0.0
2013-03-04,-0.00021826829120830116
2013-03-05,0.00021831594265608878
2013-03-06,-0.00021826829120830116
2013-03-07,0.00021831594265608878
2013-03-08,-0.00021826829120830116
2013-03-11,0.00021831594265608878
2013-03-12,-0.00021826829120830116
2013-03-13,0.00021831594265608878
2013-03-14,0.0
2013-03-15,0.0
2013-03-18,-0.00021826829120830116
2013-03-19,0.0
2013-03-20,0.0
2013-03-21,0.0
2013-03-22,0.00021831594265608878
2013-03-25,-0.00021826829120830116
2013-03-26,0.00021831594265608878
2013-03-27,-0.00021826829120830116
2013-03-28,0.00021831594265608878
2013-04-01,-0.00021826829120830116
2013-04-02,0.00021831594265608878
2013-04-03,-0.00021826829120830116
2013-04-04,0.0
2013-04-05,0.00021831594265608878
2013-04-08,0.0
2013-04-09,0.0
2013-04-10,0.0
2013-04-11,-0.00021826829120830116
2013-04-12,0.00021831594265608878
2013-04-15,0.0
2013-04-16,0.0
2013-04-17,0.0
2013-04-18,-0.00021826829120830116
2013-04-19,0.00021831594265608878
2013-04-22,0.0
2013-04-23,0.0
2013-04-24,0.0
2013-04-25,-0.00021826829120830116
2013-04-26,0.0
2013-04-29,0.0
2013-04-30,0.0
2013-05-01,0.0
2013-05-02,0.00021831594265608878
2013-05-03,-0.00021826829120830116
2013-05-06,0.0
2013-05-07,0.0
2013-05-08,0.00021831594265608878
2013-05-09,0.0
2013-05-10,-0.00021826829120830116
2013-05-13,0.00021831594265608878
2013-05-14,-0.00021826829120830116
2013-05-15,0.0
2013-05-16,0.0
2013-05-17,0.00021831594265608878
2013-05-20,-0.00021826829120830116
2013-05-21,0.00021831594265608878
2013-05-22,0.0
2013-05-23,0.0
2013-05-24,0.0
2013-05-28,-0.00021826829120830116
2013-05-29,0.00021831594265608878
2013-05-30,-0.00021826829120830116
2013-05-31,0.00021831594265608878
2013-06-03,0.0
2013-06-04,0.0
2013-06-05,0.0
2013-06-06,-0.00021826829120830116
2013-06-07,0.00021831594265608878
2013-06-10,-0.00021826829120830116
2013-06-11,0.00021831594265608878
2013-06-12,-0.00021826829120830116
2013-06-13,0.00021831594265608878
2013-06-14,-0.00021826829120830116
2013-06-17,0.0
2013-06-18,0.0
2013-06-19,0.0
2013-06-20,0.0
2013-06-21,0.00021831594265608878
2013-06-24,0.0
2013-06-25,0.0
2013-06-26,0.0
2013-06-27,-0.00021826829120830116
2013-06-28,0.0
2013-07-01,0.00021831594265608878
2013-07-02,-0.00021826829120830116
2013-07-03,0.00021831594265608878
2013-07-05,0.0
2013-07-08,-0.00043653658241671334
2013-07-09,0.0
2013-07-10,0.0
2013-07-11,0.0
2013-07-12,0.0
2013-07-15,0.0
2013-07-16,0.0
2013-07-17,0.0
2013-07-18,0.0002183636149144519
2013-07-19,0.0
2013-07-22,0.0
2013-07-23,0.0
2013-07-24,0.00021831594265608878
2013-07-25,-0.00043653658241671334
2013-07-26,0.0
2013-07-29,0.0002183636149144519
2013-07-30,-0.00021831594265608878
2013-07-31,0.0002183636149144519
2013-08-01,-0.00021831594265608878
2013-08-02,0.0002183636149144519
2013-08-05,0.0
2013-08-06,0.0
2013-08-07,-0.00021831594265608878
2013-08-08,0.0
2013-08-09,0.0002183636149144519
2013-08-12,0.0
2013-08-13,0.0
2013-08-14,0.0
2013-08-15,0.0
2013-08-16,0.0
2013-08-19,-0.00021831594265608878
2013-08-20,0.0002183636149144519
2013-08-21,0.0
2013-08-22,-0.00021831594265608878
2013-08-23,0.0002183636149144519
2013-08-26,-0.00021831594265608878
2013-08-27,0.0
2013-08-28,0.0
2013-08-29,0.0002183636149144519
2013-08-30,0.0
2013-09-03,0.0
2013-09-04,0.0
2013-09-05,0.0
2013-09-06,0.0
2013-09-09,-0.00043663188531217756
2013-09-10,0.00021841130799726827
2013-09-11,0.0
2013-09-12,0.0
2013-09-13,0.0002183636149144519
2013-09-16,-0.00021831594265608878
2013-09-17,0.0
2013-09-18,0.0002183636149144519
2013-09-19,0.0
2013-09-20,-0.00021831594265608878
2013-09-23,0.0
2013-09-24,0.0
2013-09-25,0.0
2013-09-26,0.0
2013-09-27,0.0
2013-09-30,0.0
2013-10-01,0.0002183636149144519
2013-10-02,0.0
2013-10-03,0.0
2013-10-04,0.0
2013-10-07,0.0
2013-10-08,0.0
2013-10-09,-0.00021831594265608878
2013-10-10,-0.0002183636149145629
2013-10-11,-0.00021851472244238668
2013-10-14,0.0
2013-10-15,0.0
2013-10-16,0.00021856248156226776
2013-10-17,0.0
2013-10-18,0.00021841130799726827
2013-10-21,0.0
2013-10-22,0.0
2013-10-23,0.0
2013-10-24,-0.0002183636149145629
2013-10-25,0.00021841130799726827
2013-10-28,0.0
2013-10-29,-0.0002183636149145629
2013-10-30,0.0
2013-10-31,0.0
2013-11-01,0.0
2013-11-04,0.0
2013-11-05,0.0
2013-11-06,0.00021841130799726827
2013-11-07,-0.0002183636149145629
2013-11-08,0.0
2013-11-11,0.00021841130799726827
2013-11-12,0.0
2013-11-13,0.0
2013-11-14,-0.0002183636149145629
2013-11-15,0.0
2013-11-18,0.0
2013-11-19,0.0
2013-11-20,0.0
2013-11-21,0.00021841130799726827
2013-11-22,-0.0002183636149145629
2013-11-25,0.0
2013-11-26,0.0
2013-11-27,0.00021841130799726827
2013-11-29,-0.0004368306216921969
2013-12-02,0.00021856248156226776
2013-12-03,0.00021841130799726827
2013-12-04,0.0
2013-12-05,0.0
2013-12-06,0.0
2013-12-09,0.0
2013-12-10,-0.0002183636149145629
2013-12-11,0.00021841130799726827
2013-12-12,0.0
2013-12-13,0.0
2013-12-16,-0.0002183636149145629
2013-12-17,0.0
2013-12-18,0.00021841130799726827
2013-12-19,0.0
2013-12-20,-0.0002183636149145629
2013-12-23,0.0
2013-12-24,0.0
2013-12-26,0.0
2013-12-27,0.00021841130799726827
2013-12-30,0.0
2013-12-31,-0.0004368306216921969
2014-01-02,0.0
2014-01-03,0.00021856248156226776
2014-01-06,-0.00021851472244238668
2014-01-07,0.00021856248156226776
2014-01-08,0.0
2014-01-09,-0.00021851472244238668
2014-01-10,0.00021856248156226776
2014-01-13,0.0
2014-01-14,0.0
2014-01-15,0.0
2014-01-16,0.0
2014-01-17,-0.00021851472244238668
2014-01-21,0.00021856248156226776
2014-01-22,0.0
2014-01-23,0.0
2014-01-24,-0.00021851472244238668
2014-01-27,0.0
2014-01-28,0.0
2014-01-29,0.00021856248156226776
2014-01-30,0.0
2014-01-31,-0.00021851472244238668
2014-02-03,0.0
2014-02-04,0.00021856248156226776
2014-02-05,-0.00021851472244238668
2014-02-06,0.0
2014-02-07,0.00021856248156226776
2014-02-10,-0.00021851472244238668
2014-02-11,0.0
2014-02-12,0.00021856248156226776
2014-02-13,0.0
2014-02-14,0.0
2014-02-18,-0.00021851472244238668
2014-02-19,0.00021856248156226776
2014-02-20,0.0
2014-02-21,-0.00021851472244238668
2014-02-24,0.00021856248156226776
2014-02-25,0.0
2014-02-26,0.0
2014-02-27,-0.00021851472244238668
2014-02-28,0.00021856248156226776
2014-03-03,0.0
2014-03-04,-0.00021851472244238668
2014-03-05,0.00021856248156226776
2014-03-06,0.0
2014-03-07,-0.00021851472244238668
2014-03-10,0.0
2014-03-11,0.0
2014-03-12,0.0
2014-03-13,0.0
2014-03-14,0.0
2014-03-17,0.0
2014-03-18,0.0
2014-03-19,0.00021856248156226776
2014-03-20,-0.00021851472244238668
2014-03-21,0.00021856248156226776
2014-03-24,0.0
2014-03-25,0.0
2014-03-26,-0.00021851472244238668
2014-03-27,0.0
2014-03-28,0.0
2014-03-31,0.0
2014-04-01,0.0
2014-04-02,0.0
2014-04-03,0.00021856248156226776
2014-04-04,-0.00021851472244238668
2014-04-07,0.0
2014-04-08,0.0
2014-04-09,0.0
2014-04-10,0.0
2014-04-11,0.0
2014-04-14,0.0
2014-04-15,0.0
2014-04-16,0.0
2014-04-17,0.00021856248156226776
2014-04-21,-0.00021851472244238668
2014-04-22,-0.0002182521704195972
2014-04-23,0.00021829981482790473
2014-04-24,0.0
2014-04-25,0.0
2014-04-28,0.0
2014-04-29,0.0
2014-04-30,0.0
2014-05-01,-0.0002182521704195972
2014-05-02,0.00021829981482790473
2014-05-05,0.0
2014-05-06,-0.0002182521704195972
2014-05-07,0.0
2014-05-08,0.0
2014-05-09,0.00021829981482790473
2014-05-12,-0.0002182521704195972
2014-05-13,0.00021829981482790473
2014-05-14,0.0
2014-05-15,0.0
2014-05-16,0.0
2014-05-19,0.0
2014-05-20,0.0
2014-05-21,-0.0002182521704195972
2014-05-22,0.0
2014-05-23,0.00021829981482790473
2014-05-27,-0.0002182521704195972
2014-05-28,0.00021829981482790473
2014-05-29,-0.0002182521704195972
2014-05-30,0.00021829981482790473
2014-06-02,-0.0002182521704195972
2014-06-03,0.0
2014-06-04,0.0
2014-06-05,0.0
2014-06-06,0.0
2014-06-09,0.00021829981482790473
2014-06-10,0.0
2014-06-11,-0.0002182521704195972
2014-06-12,0.00021829981482790473
2014-06-13,-0.0002182521704195972
2014-06-16,0.00021829981482790473
2014-06-17,-0.0002182521704195972
2014-06-18,0.00021829981482790473
2014-06-19,0.0
2014-06-20,0.0
2014-06-23,0.0
2014-06-24,0.0
2014-06-25,-0.0002182521704195972
2014-06-26,0.0
2014-06-27,0.00021829981482790473
2014-06-30,-0.0002182521704195972
2014-07-01,0.00021829981482790473
2014-07-02,0.0
2014-07-03,-0.0002182521704195972
2014-07-07,0.00021829981482790473
2014-07-08,0.0
2014-07-09,-0.0002182521704195972
2014-07-10,0.0
2014-07-11,0.0
2014-07-14,0.0
2014-07-15,0.0
2014-07-16,0.0
2014-07-17,0.0
2014-07-18,-0.00021861019371161028
2014-07-21,0.00021865799457820856
2014-07-22,-0.00021861019371161028
2014-07-23,0.00021865799457820856
2014-07-24,0.0
2014-07-25,0.0
2014-07-28,0.0
2014-07-29,0.0
2014-07-30,0.0
2014-07-31,-0.00021861019371161028
2014-08-01,0.00021865799457820856
2014-08-04,0.0
2014-08-05,-0.00021861019371161028
2014-08-06,0.0
2014-08-07,0.00021865799457820856
2014-08-08,-0.00021861019371161028
2014-08-11,0.0
2014-08-12,0.0
2014-08-13,0.00021865799457820856
2014-08-14,-0.00021861019371161028
2014-08-15,0.00021865799457820856
2014-08-18,-0.00021861019371161028
2014-08-19,0.00021865799457820856
2014-08-20,-0.00021861019371161028
2014-08-21,0.00021865799457820856
2014-08-22,0.0
2014-08-25,0.0
2014-08-26,0.0
2014-08-27,-0.00021861019371161028
2014-08-28,0.00021865799457820856
2014-08-29,0.0
2014-09-02,-0.00021861019371161028
2014-09-03,0.00021865799457820856
2014-09-04,-0.00021861019371161028
2014-09-05,0.00021865799457820856
2014-09-08,-0.00021861019371161028
2014-09-09,0.0
2014-09-10,0.00021865799457820856
2014-09-11,-0.00021861019371161028
2014-09-12,0.0
2014-09-15,0.0
2014-09-16,0.0
2014-09-17,0.0
2014-09-18,0.00021865799457820856
2014-09-19,0.0
2014-09-22,0.0
2014-09-23,0.0
2014-09-24,0.0
2014-09-25,0.0
2014-09-26,0.0
2014-09-29,-0.00021861019371161028
2014-09-30,0.00021865799457820856
2014-10-01,0.0
2014-10-02,0.0
2014-10-03,-0.0004373238470510854
2014-10-06,0.0
2014-10-07,0.00021880934388351925
2014-10-08,0.0
2014-10-09,0.0
2014-10-10,0.0
2014-10-13,0.0
2014-10-14,-0.00021876147682831082
2014-10-15,0.0
2014-10-16,0.00021880934388351925
2014-10-17,0.0
2014-10-20,0.0
2014-10-21,-0.00021876147682831082
2014-10-22,0.00021880934388351925
2014-10-23,-0.00021876147682831082
2014-10-24,0.0
2014-10-27,0.0
2014-10-28,0.0
2014-10-29,0.00021880934388351925
2014-10-30,-0.00021876147682831082
2014-10-31,0.00021880934388351925
2014-11-03,-0.00021876147682831082
2014-11-04,0.00021880934388351925
2014-11-05,-0.00021876147682831082
2014-11-06,0.00021880934388351925
2014-11-07,-0.00021876147682831082
2014-11-10,0.00021880934388351925
2014-11-11,0.0
2014-11-12,0.0
2014-11-13,-0.00021876147682831082
2014-11-14,0.0
2014-11-17,0.00021880934388351925
2014-11-18,-0.00021876147682831082
2014-11-19,0.0
2014-11-20,0.0
2014-11-21,0.0
2014-11-24,0.00021880934388351925
2014-11-25,0.0
2014-11-26,-0.00021876147682831082
2014-11-28,0.00021880934388351925
2014-12-01,-0.00021876147682831082
2014-12-02,0.0
2014-12-03,0.0
2014-12-04,0.0
2014-12-05,0.00021880934388351925
2014-12-08,0.0
2014-12-09,-0.00021876147682831082
2014-12-10,0.0
2014-12-11,0.0
2014-12-12,0.00021880934388351925
2014-12-15,-0.0004373159891563061
2014-12-16,0.0
2014-12-17,0.0
2014-12-18,0.0002186501315264433
2014-12-19,-0.00021860233409742857
2014-12-22,0.0
2014-12-23,0.0
2014-12-24,0.0002186501315264433
2014-12-26,-0.00021860233409742857
2014-12-29,0.0
2014-12-30,0.0
2014-12-31,0.0002186501315264433
2015-01-02,-0.00021860233409742857
2015-01-05,0.0002186501315264433
2015-01-06,-0.00021860233409742857
2015-01-07,0.0
2015-01-08,0.0
2015-01-09,0.0
2015-01-12,0.0
2015-01-13,0.0
2015-01-14,0.0
2015-01-15,0.0
2015-01-16,0.0
2015-01-20,0.0
2015-01-21,0.0002186501315264433
2015-01-22,-0.00021860233409742857
2015-01-23,0.0002186501315264433
2015-01-26,0.0
2015-01-27,0.0
2015-01-28,-0.00021860233409742857
2015-01-29,0.0
2015-01-30,0.0
2015-02-02,0.0
2015-02-03,0.0002186501315264433
2015-02-04,-0.00021860233409742857
2015-02-05,0.0
2015-02-06,0.0
2015-02-09,-0.0002188571865753275
2015-02-10,0.0002189050955285765
2015-02-11,-0.0002188571865753275
2015-02-12,0.0
2015-02-13,0.0002189050955285765
2015-02-17,0.0
2015-02-18,0.0
2015-02-19,0.0
2015-02-20,-0.0002188571865753275
2015-02-23,0.0002189050955285765
2015-02-24,-0.0002188571865753275
2015-02-25,0.0002189050955285765
2015-02-26,-0.0002188571865753275
2015-02-27,0.0002189050955285765
2015-03-02,-0.0002188571865753275
2015-03-03,0.0002189050955285765
2015-03-04,0.0
2015-03-05,0.0
2015-03-06,-0.0002188571865753275
2015-03-09,0.0002189050955285765
2015-03-10,0.0
2015-03-11,0.0
2015-03-12,-0.0002188571865753275
2015-03-13,0.0002189050955285765
2015-03-16,0.0
2015-03-17,0.0
2015-03-18,0.0
2015-03-19,0.0
2015-03-20,0.0
2015-03-23,-0.0002188571865753275
2015-03-24,0.0002189050955285765
2015-03-25,-0.0002188571865753275
2015-03-26,0.0
2015-03-27,0.0
2015-03-30,-0.00021838734459311837
2015-03-31,0.0004373879601169417
2015-04-01,-0.00043719673552866656
2015-04-02,0.00021843504804319736
2015-04-06,0.0
2015-04-07,0.0002189050955285765
2015-04-08,0.0
2015-04-09,-0.0002188571865753275
2015-04-10,0.0
2015-04-13,-0.00021838734459311837
2015-04-14,0.00021843504804319736
2015-04-15,-0.00021838734459311837
2015-04-16,0.00021843504804319736
2015-04-17,-0.00021838734459311837
2015-04-20,0.0
2015-04-21,0.00021843504804319736
2015-04-22,-0.00021838734459311837
2015-04-23,0.0
2015-04-24,0.0
2015-04-27,0.00021843504804319736
2015-04-28,0.0
2015-04-29,0.0
2015-04-30,0.0
2015-05-01,-0.00021838734459311837
2015-05-04,0.00021843504804319736
2015-05-05,0.0
2015-05-06,0.0
2015-05-07,-0.00021838734459311837
2015-05-08,0.00021843504804319736
2015-05-11,-0.00021838734459311837
2015-05-12,0.00021843504804319736
2015-05-13,0.0
2015-05-14,-0.00021838734459311837
2015-05-15,0.0
2015-05-18,0.0
2015-05-19,0.0
2015-05-20,0.0
2015-05-21,0.00021843504804319736
2015-05-22,0.0
2015-05-26,0.0
2015-05-27,0.0
2015-05-28,-0.00021838734459311837
2015-05-29,0.0
2015-06-01,0.0
2015-06-02,0.00021843504804319736
2015-06-03,0.0
2015-06-04,-0.00021838734459311837
2015-06-05,0.0
2015-06-08,-0.00021864219365541615
2015-06-09,0.0
2015-06-10,0.0002186900085185961
2015-06-11,0.00021843504804319736
2015-06-12,-0.00021838734459311837
2015-06-15,0.00021843504804319736
2015-06-16,-0.000436981789560531
2015-06-17,0.00043717282612454333
2015-06-18,-0.000436981789560531
2015-06-19,0.0
2015-06-22,0.0002186900085185961
2015-06-23,-0.00021864219365541615
2015-06-24,0.0
2015-06-25,0.0002186900085185961
2015-06-26,-0.00021864219365541615
2015-06-29,0.0002186900085185961
2015-06-30,0.0
2015-07-01,0.0
2015-07-02,0.0
2015-07-06,0.0
2015-07-07,-0.00021864219365541615
2015-07-08,0.0
2015-07-09,0.0
2015-07-10,0.0
2015-07-13,0.0
2015-07-14,0.0002186900085185961
2015-07-15,-0.00021864219365541615
2015-07-16,0.0
2015-07-17,0.0002186900085185961
2015-07-20,-0.00021864219365541615
2015-07-21,0.0002186900085185961
2015-07-22,-0.00021864219365541615
2015-07-23,0.0
2015-07-24,0.0002186900085185961
2015-07-27,-0.00021864219365541615
2015-07-28,0.0
2015-07-29,0.0002186900085185961
2015-07-30,0.0
2015-07-31,0.0
2015-08-03,0.0
2015-08-04,-0.00021864219365541615
2015-08-05,0.0
2015-08-06,0.0
2015-08-07,0.0
2015-08-10,0.0002186900085185961
2015-08-11,-0.00021864219365541615
2015-08-12,0.0
2015-08-13,0.0
2015-08-14,-0.00021858641306227167
2015-08-17,0.0
2015-08-18,0.00021863420352863372
2015-08-19,0.0002186900085185961
2015-08-20,-0.00021864219365541615
2015-08-21,0.0
2015-08-24,0.0
2015-08-25,0.0
2015-08-26,0.0002186900085185961
2015-08-27,-0.00021864219365541615
2015-08-28,0.0002186900085185961
2015-08-31,0.0
2015-09-01,0.0
2015-09-02,-0.00021864219365541615
2015-09-03,0.0002186900085185961
2015-09-04,-0.00021864219365541615
2015-09-08,0.0
2015-09-09,0.0
2015-09-10,-0.00021858641306227167
2015-09-11,0.00021863420352863372
2015-09-14,0.0
2015-09-15,-0.00021858641306227167
2015-09-16,0.0
2015-09-17,0.0
2015-09-18,0.0
2015-09-21,0.00021863420352863372
2015-09-22,0.0
2015-09-23,-0.00021858641306227167
2015-09-24,0.0
2015-09-25,0.0
2015-09-28,0.00021863420352863372
2015-09-29,0.0
2015-09-30,-0.00021858641306227167
2015-10-01,0.00021863420352863372
2015-10-02,0.0
2015-10-05,-0.00021858641306227167
2015-10-06,0.0
2015-10-07,0.0
2015-10-08,0.0
2015-10-09,0.0
2015-10-12,0.0
2015-10-13,0.0
2015-10-14,0.0
2015-10-15,0.0
2015-10-16,0.0
2015-10-19,0.0
2015-10-20,-0.00021935953027008015
2015-10-21,0.00021940765943129215
2015-10-22,0.0
2015-10-23,0.0
2015-10-26,-0.00021935953027008015
2015-10-27,0.0
2015-10-28,0.0
2015-10-29,0.0
2015-10-30,0.0
2015-11-02,0.0
2015-11-03,0.00021940765943129215
2015-11-04,-0.00021935953027008015
2015-11-05,0.0
2015-11-06,0.0
2015-11-09,0.00021940765943129215
2015-11-10,-0.00021935953027008015
2015-11-11,0.00021940765943129215
2015-11-12,0.0
2015-11-13,-0.00021935953027008015
2015-11-16,0.00021940765943129215
2015-11-17,-0.00021935953027008015
2015-11-18,0.0
2015-11-19,0.00021940765943129215
2015-11-20,-0.00021935953027008015
2015-11-23,0.00021940765943129215
2015-11-24,-0.00021935953027008015
2015-11-25,0.0
2015-11-27,0.00021940765943129215
2015-11-30,0.0
2015-12-01,-0.00021935953027008015
2015-12-02,0.0
2015-12-03,0.00021940765943129215
2015-12-04,0.0
2015-12-07,0.0
2015-12-08,-0.00021935953027008015
2015-12-09,-0.00021899309606909778
2015-12-10,0.00021904106454995187
2015-12-11,0.00021940765943129215
2015-12-14,0.0
2015-12-15,-0.00021935953027008015
2015-12-16,0.00021940765943129215
2015-12-17,-0.00021935953027008015
2015-12-18,0.00021940765943129215
2015-12-21,-0.00021935953027008015
2015-12-22,0.0
2015-12-23,0.0
2015-12-24,0.00021940765943129215
2015-12-28,-0.00021935953027008015
2015-12-29,0.0
2015-12-30,0.00021940765943129215
2015-12-31,-0.00021935953027008015
2016-01-04,0.00021940765943129215
2016-01-05,0.0
2016-01-06,-0.0004383045881164449
2016-01-07,0.00021904106454995187
2016-01-08,0.0
2016-01-11,0.0
2016-01-12,0.00021940765943129215
2016-01-13,-0.00021935953027008015
2016-01-14,-0.00021899309606909778
2016-01-15,0.0
2016-01-19,0.00021904106454995187
2016-01-20,0.0
2016-01-21,0.00021940765943129215
2016-01-22,-0.0004383045881164449
2016-01-25,0.00021904106454995187
2016-01-26,-0.00021899309606909778
2016-01-27,0.00021904106454995187
2016-01-28,0.0
2016-01-29,0.00021940765943129215
2016-02-01,-0.0004383045881164449
2016-02-02,0.0
2016-02-03,0.00021904106454995187
2016-02-04,0.00021940765943129215
2016-02-05,0.0
2016-02-08,-0.00021935953027008015
2016-02-09,0.00021940765943129215
2016-02-10,-0.00021935953027008015
2016-02-11,0.00021940765943129215
2016-02-12,-0.00021935953027008015
2016-02-16,0.0
2016-02-17,0.0
2016-02-18,0.00021940765943129215
2016-02-19,0.0
2016-02-22,0.0
2016-02-23,-0.00021935953027008015
2016-02-24,0.00021940765943129215
2016-02-25,-0.00021935953027008015
2016-02-26,0.0
2016-02-29,0.00021940765943129215
2016-03-01,0.0
2016-03-02,-0.00021935953027008015
2016-03-03,0.00021940765943129215
2016-03-04,0.0
2016-03-07,0.0
2016-03-08,-0.00021935953027008015
2016-03-09,0.00021940765943129215
2016-03-10,0.0
2016-03-11,-0.00021935953027008015
2016-03-14,0.0
2016-03-15,0.0
2016-03-16,0.00021940765943129215
2016-03-17,-0.00021935953027008015
2016-03-18,0.0
2016-03-21,0.00021940765943129215
2016-03-22,0.0
2016-03-23,-0.00021935953027008015
2016-03-24,0.00021940765943129215
2016-03-28,0.0
2016-03-29,0.0
2016-03-30,0.0
2016-03-31,0.0
2016-04-01,0.0
2016-04-04,0.0
2016-04-05,0.00021863420352863372
2016-04-06,0.0
2016-04-07,-0.00021858641306227167
2016-04-08,0.00021863420352863372
2016-04-11,-0.00021858641306227167
2016-04-12,0.0
2016-04-13,0.00021863420352863372
2016-04-14,0.0
2016-04-15,-0.00021858641306227167
2016-04-18,0.00021863420352863372
2016-04-19,0.0
2016-04-20,0.0
2016-04-21,-0.00021858641306227167
2016-04-22,0.00021863420352863372
2016-04-25,-0.00021858641306227167
2016-04-26,0.00021863420352863372
2016-04-27,0.0
2016-04-28,0.0
2016-04-29,0.0002186900085185961
2016-05-02,-0.00021864219365541615
2016-05-03,0.0002186900085185961
2016-05-04,-0.00021864219365541615
2016-05-05,0.0
2016-05-06,0.0002186900085185961
2016-05-09,0.0
2016-05-10,0.0
2016-05-11,-0.0004371808145048339
2016-05-12,0.0
2016-05-13,0.0
2016-05-16,0.0
2016-05-17,0.0
2016-05-18,0.00021863420352863372
2016-05-19,-0.00021858641306227167
2016-05-20,0.00021863420352863372
2016-05-23,0.0002186900085185961
2016-05-24,-0.0004371808145048339
2016-05-25,0.00021863420352863372
2016-05-26,0.0
2016-05-27,0.0002186900085185961
2016-05-31,0.0
2016-06-01,0.0
2016-06-02,-0.00021864219365541615
2016-06-03,0.0002186900085185961
2016-06-06,0.00021843504804319736
2016-06-07,0.0
2016-06-08,0.0
2016-06-09,-0.000436981789560531
2016-06-10,0.0
2016-06-13,0.0
2016-06-14,0.0
2016-06-15,0.0
2016-06-16,0.0002186900085185961
2016-06-17,-0.00021864219365541615
2016-06-20,0.0002186900085185961
2016-06-21,0.0
2016-06-22,0.0
2016-06-23,0.0
2016-06-24,-0.00021864219365541615
2016-06-27,0.0
2016-06-28,0.0
2016-06-29,0.0
2016-06-30,0.0
2016-07-01,0.00043717282612454333
2016-07-05,0.0
2016-07-06,-0.00021838734459311837
2016-07-07,0.00021843504804319736
2016-07-08,-0.00021838734459311837
2016-07-11,0.00021843504804319736
2016-07-12,-0.000436981789560531
2016-07-13,0.0002186900085185961
2016-07-14,0.00021843504804319736
2016-07-15,-0.00021838734459311837
2016-07-18,0.0
2016-07-19,0.00021843504804319736
2016-07-20,0.0
2016-07-21,0.0
2016-07-22,0.0
2016-07-25,-0.00021838734459311837
2016-07-26,0.0
2016-07-27,0.00021843504804319736
2016-07-28,-0.00021838734459311837
2016-07-29,0.00021843504804319736
2016-08-01,-0.00021838734459311837
2016-08-02,0.00021843504804319736
2016-08-03,-0.00021838734459311837
2016-08-04,0.0
2016-08-05,0.0
2016-08-08,0.0
2016-08-09,0.0
2016-08-10,0.0
2016-08-11,0.0
2016-08-12,0.0
2016-08-15,0.0
2016-08-16,0.0
2016-08-17,0.0
2016-08-18,0.00021843504804319736
2016-08-19,-0.00021838734459311837
2016-08-22,0.0
2016-08-23,0.0
2016-08-24,0.00021843504804319736
2016-08-25,-0.00021838734459311837
2016-08-26,0.0
2016-08-29,0.00021843504804319736
2016-08-30,0.0
2016-08-31,0.0
2016-09-01,0.0
2016-09-02,0.0002189050955285765
2016-09-06,0.0
2016-09-07,-0.0002188571865753275
2016-09-08,0.0
2016-09-09,0.0002189050955285765
2016-09-12,-0.00043719673552866656
2016-09-13,0.00021843504804319736
2016-09-14,0.0
2016-09-15,0.0
2016-09-16,0.0
2016-09-19,0.0
2016-09-20,0.0
2016-09-21,0.0
2016-09-22,0.0002189050955285765
2016-09-23,0.0
2016-09-26,0.0
2016-09-27,-0.0002188571865753275
2016-09-28,0.0
2016-09-29,0.0
2016-09-30,0.0002189050955285765
2016-10-03,-0.0002188571865753275
2016-10-04,0.0002189050955285765
2016-10-05,0.0
2016-10-06,0.0
2016-10-07,0.0
2016-10-10,0.0
2016-10-11,-0.0002188571865753275
2016-10-12,0.0002189050955285765
2016-10-13,-0.0002188571865753275
2016-10-14,0.0
2016-10-17,0.0
2016-10-18,0.0
2016-10-19,0.0002189050955285765
2016-10-20,-0.0002188571865753275
2016-10-21,0.0
2016-10-24,0.0
2016-10-25,0.0
2016-10-26,0.0002189050955285765
2016-10-27,-0.0002188571865753275
2016-10-28,0.0002189050955285765
2016-10-31,0.0002186501315264433
2016-11-01,-0.00021860233409742857
2016-11-02,0.0002186501315264433
2016-11-03,-0.00021860233409742857
2016-11-04,0.0002186501315264433
2016-11-07,-0.00021860233409742857
2016-11-08,0.0002186501315264433
2016-11-09,-0.0004374116779809478
2016-11-10,0.0
2016-11-11,-0.000436981789560531
2016-11-14,0.00043717282612454333
2016-11-15,0.0002189050955285765
2016-11-16,0.0
2016-11-17,0.0002186501315264433
2016-11-18,-0.00021860233409742857
2016-11-21,-0.0002188571865753275
2016-11-22,0.0
2016-11-23,0.0
2016-11-25,0.0002189050955285765
2016-11-28,-0.0002188571865753275
2016-11-29,0.0
2016-11-30,0.0
2016-12-01,0.00045986638090966814
2016-12-02,-0.00021932198765550748
2016-12-05,0.0
2016-12-06,0.00021937010034189797
2016-12-07,0.0
2016-12-08,0.0
2016-12-09,0.0
2016-12-12,-0.00021932198765550748
2016-12-13,0.00021937010034189797
2016-12-14,0.0
2016-12-15,0.0
2016-12-16,-0.00021932198765550748
2016-12-19,0.00021937010034189797
2016-12-20,-0.00021932198765550748
2016-12-21,0.00021937010034189797
2016-12-22,-0.00021932198765550748
2016-12-23,0.0
2016-12-27,0.00021937010034189797
2016-12-28,-2.2046051614266204e-05
2016-12-29,0.00021891280345953668
2016-12-30,-0.0004374193356110334
2017-01-03,0.000437610755016804
2017-01-04,0.0
2017-01-05,-0.00021886489113254193
2017-01-06,0.00021891280345953668
2017-01-09,0.0
2017-01-10,-0.00021886489113254193
2017-01-11,0.00021891280345953668
2017-01-12,0.0
2017-01-13,0.0
2017-01-17,0.0
2017-01-18,-0.00021886489113254193
2017-01-19,0.0
2017-01-20,0.00021891280345953668
2017-01-23,-0.00021886489113254193
2017-01-24,0.0
2017-01-25,0.00021891280345953668
2017-01-26,0.00021876140891463614
2017-01-27,-0.00043753058523987587
2017-01-30,0.0004377221020472888
2017-01-31,-0.00021871356282743282
2017-02-01,6.571120844878209e-05
2017-02-02,0.0
2017-02-03,-0.00021874703478252933
2017-02-06,0.0004371757988006486
2017-02-07,0.0
2017-02-08,0.0
2017-02-09,0.0
2017-02-10,-0.00021828547415692068
2017-02-13,0.0
2017-02-14,0.00021833313310848368
2017-02-15,-0.00021828547415692068
2017-02-16,0.0
2017-02-17,0.00021833313310848368
2017-02-21,-0.00021828547415692068
2017-02-22,0.0
2017-02-23,0.0
2017-02-24,0.0
2017-02-27,0.0
2017-02-28,0.00043759754498351455
2017-03-01,-0.0003936551804029076
2017-03-02,0.0
2017-03-03,0.00021863398973187564
2017-03-06,0.0002185861993591054
2017-03-07,-0.00043707685974858634
2017-03-08,0.0
2017-03-09,0.0
2017-03-10,0.00021863398973187564
2017-03-13,-0.0002185861993591054
2017-03-14,0.0
2017-03-15,0.00021863398973187564
2017-03-16,0.0002185861993591054
2017-03-17,0.0
2017-03-20,-0.00021853842987429317
2017-03-21,0.0002185861993591054
2017-03-22,0.0
2017-03-23,-0.00021853842987429317
2017-03-24,0.0002185861993591054
2017-03-27,0.0
2017-03-28,0.0
2017-03-29,0.0
2017-03-30,0.0
2017-03-31,-0.00021853842987429317
2017-04-03,8.782758317837924e-05
2017-04-04,0.0
2017-04-05,0.0
2017-04-06,0.0
2017-04-07,0.0
2017-04-10,0.0
2017-04-11,0.00021836012477249866
2017-04-12,-0.00021831245403780564
2017-04-13,0.00021836012477249866
2017-04-17,0.0
2017-04-18,0.00021851928724858638
2017-04-19,0.0
2017-04-20,0.0
2017-04-21,0.0
2017-04-24,-0.00021847154700183058
2017-04-25,0.0
2017-04-26,0.00021851928724858638
2017-04-27,-0.00021847154700183058
2017-04-28,0.00043776249073523843
2017-05-01,-6.543406664971663e-05
2017-05-02,-0.00021864471907873106
2017-05-03,0.0
2017-05-04,0.00021869253504669395
2017-05-05,-0.00021864471907873106
2017-05-08,0.00021869253504669395
2017-05-09,0.0
2017-05-10,0.00021833458472553247
2017-05-11,0.0
2017-05-12,-0.00021828692514025416
2017-05-15,0.00021833458472553247
2017-05-16,0.0
2017-05-17,0.0002192171251054198
2017-05-18,0.0
2017-05-19,-0.00021916907948982267
2017-05-22,0.0002192171251054198
2017-05-23,0.0
2017-05-24,-0.00021916907948982267
2017-05-25,0.0002192171251054198
2017-05-26,0.00021782575179840613
2017-05-30,-0.00043689966329074625
2017-05-31,0.0
2017-06-01,0.0003719766304828287
2017-06-02,-0.00021830907481790174
2017-06-05,0.0002183567440767753
2017-06-06,-0.00021830907481790174
2017-06-07,0.000437333526233985
2017-06-08,-0.0002188810581323919
2017-06-09,0.00021892897753872376
2017-06-12,-0.0002188810581323919
2017-06-13,0.00021892897753872376
2017-06-14,-0.0002188810581323919
2017-06-15,0.0
2017-06-16,0.0004380645893176105
2017-06-19,-0.0002190396582609777
2017-06-20,0.0
2017-06-21,0.00021908764714440032
2017-06-22,0.0002183167550984244
2017-06-23,-0.00021826910329603155
2017-06-26,-0.0002190396582609777
2017-06-27,0.0
2017-06-28,0.00043745223274682665
2017-06-29,-0.00021826910329603155
2017-06-30,0.0002183167550984244
2017-07-03,0.00010923780098726077
2017-07-05,-0.0002185549768488615
2017-07-06,0.0002186027535686641
2017-07-07,0.0
2017-07-10,0.0
2017-07-11,0.0
2017-07-12,-0.0002185549768488615
2017-07-13,0.0
2017-07-14,0.00043782507091671974
2017-07-17,-0.0002191263783261066
2017-07-18,0.0
2017-07-19,0.0
2017-07-20,0.0
2017-07-21,0.0
2017-07-24,0.0
2017-07-25,0.0
2017-07-26,0.0002191744052197908
2017-07-27,0.00021830065480910044
2017-07-28,-0.00021825301003408626
2017-07-31,0.0
2017-08-01,0.00026227043208981726
2017-08-02,0.00021865616951943778
2017-08-03,0.0
2017-08-04,0.0
2017-08-07,0.0
2017-08-08,0.0
2017-08-09,0.0
2017-08-10,0.0
2017-08-11,0.00021871153526942244
2017-08-14,-0.00021866371099343862
2017-08-15,0.00021871153526942244
2017-08-16,-0.00021866371099343862
2017-08-17,0.00021871153526942244
2017-08-18,-0.00021866371099343862
2017-08-21,0.00021871153526942244
2017-08-22,0.00021886999751319358
2017-08-23,0.0
2017-08-24,0.0
2017-08-25,-0.0002188221039198801
2017-08-28,0.00021886999751319358
2017-08-29,0.0
2017-08-30,0.0
2017-08-31,0.0002183065004703888
2017-09-01,6.608593522217099e-05
2017-09-05,-0.00043731359147347604
2017-09-06,0.0004375049183205082
2017-09-07,0.0
2017-09-08,-0.00021886297847673042
2017-09-11,0.0
2017-09-12,0.00043751243811884777
2017-09-13,0.0
2017-09-14,-0.00021850594908212617
2017-09-15,0.0
2017-09-18,0.0
2017-09-19,0.00043731359147347604
2017-09-20,0.0
2017-09-21,0.0
2017-09-22,0.0
2017-09-25,0.0
2017-09-26,0.0
2017-09-27,0.0
2017-09-28,-0.0002186642622528101
2017-09-29,0.00043721803585206054
2017-10-02,4.378511501834659e-05
2017-10-03,0.0
2017-10-04,-0.00021912202840856931
2017-10-05,0.00021917005339533446
2017-10-06,-0.00021912202840856931
2017-10-09,0.0
2017-10-10,0.0
2017-10-11,0.0
2017-10-12,0.00043772185558199617
2017-10-13,0.0
2017-10-16,-0.00021845617914273419
2017-10-17,0.00021850391267252967
2017-10-18,0.0
2017-10-19,0.0
2017-10-20,0.00021897116306335285
2017-10-23,-0.0002189232251901263
2017-10-24,0.00043773633255850264
2017-10-25,0.0
2017-10-26,0.0
2017-10-27,0.0
2017-10-30,-0.00021866944993209625
2017-10-31,0.00021871727671873842
2017-11-01,0.00010943767668436521
2017-11-02,-0.0002188514027798849
2017-11-03,0.0
2017-11-06,0.0002188993092007152
2017-11-07,0.0
2017-11-08,0.0
2017-11-09,-0.0002188514027798849
2017-11-10,0.0002188993092007152
2017-11-13,0.0
2017-11-14,0.0
2017-11-15,0.0
2017-11-16,0.00021833670051552012
2017-11-17,-0.0002182890400067583
2017-11-20,0.00021833670051552012
2017-11-21,0.00021880362991733016
2017-11-22,0.0
2017-11-24,-0.00021875576536167785
2017-11-27,0.0
2017-11-28,0.0004372985058882506
2017-11-29,-0.00021839937025269762
2017-11-30,0.0
2017-12-01,6.544151776588514e-05
2017-12-04,0.00010978228023450498
2017-12-05,0.00010946159708580261
2017-12-06,-0.00010944961655601215
2017-12-07,0.00010946159708580261
2017-12-08,0.00010903815183205268
2017-12-11,-0.00010902626380981939
2017-12-12,0.00010903815183205268
2017-12-13,-0.00010902626380981939
2017-12-14,0.00010903815183205268
2017-12-15,0.00010984910353672994
2017-12-18,0.00010932281969355806
2017-12-19,2.138914474159037e-05
2017-12-20,0.0
2017-12-21,0.0
2017-12-22,0.00021913121414640635
2017-12-26,-0.00010907896844403187
2017-12-27,0.0002178732791839888
2017-12-28,0.0
2017-12-29,-0.00021782582075824397
2018-01-02,0.0001090908679632907
2018-01-03,0.00021867197538205652
2018-01-04,0.00010946626203556242
2018-01-05,0.0
2018-01-08,0.00010904318459536988
2018-01-09,0.0
2018-01-10,0.0
2018-01-11,-0.00010903129547568113
2018-01-12,0.000328260067481434
2018-01-16,-0.00021914494635111303
2018-01-17,0.00021919298138528553
2018-01-18,0.0
2018-01-19,0.00010890466157165157
2018-01-22,0.00010992009322863261
2018-01-23,0.0
2018-01-24,0.0001084699633728814
2018-01-25,0.0
2018-01-26,0.00021876511713170288
2018-01-29,-0.00021871726942268577
2018-01-30,0.00010999879833240023
2018-01-31,0.00010875435595081306
2018-02-01,-4.3640769720521e-05
2018-02-02,0.00010946609606010682
2018-02-05,-0.00010945411454543752
2018-02-06,0.00010946609606010682
2018-02-07,0.00010924875973383763
2018-02-08,-0.0001092368257462617
2018-02-09,0.00021911358390247493
2018-02-12,0.0
2018-02-13,0.0
2018-02-14,0.0
2018-02-15,0.00010912217217784459
2018-02-16,0.00010900762211685233
2018-02-20,0.0
2018-02-21,-0.00010899574075029506
2018-02-22,0.00010900762211685233
2018-02-23,0.00021850464412165316
2018-02-26,-0.0002184569102723355
2018-02-27,0.00021850464412165316
2018-02-28,0.00010948498039486942
2018-03-01,9.859751448071385e-05
2018-03-02,0.00010946220204499646
2018-03-05,0.0
2018-03-06,0.0
2018-03-07,0.0
2018-03-08,-0.00010945022138286742
2018-03-09,0.00021861663782374308
2018-03-12,0.00010913057801875681
2018-03-13,0.0
2018-03-14,0.0
2018-03-15,-0.00010911866983520646
2018-03-16,0.0002188765540338533
2018-03-19,0.0
2018-03-20,-0.00010972196045044846
2018-03-21,0.00021885267051535706
2018-03-22,0.00010919732684944172
2018-03-23,0.00010949296861384461
2018-03-26,-0.0001094809812161035
2018-03-27,0.00021857585120277356
2018-03-28,0.00010998153683661194
2018-03-29,0.00021819659133681668
2018-04-02,-5.5023958989264266e-05
2018-04-03,-0.00010913173358162442
2018-04-04,0.00021869721841527578
2018-04-05,0.00010952961997534594
2018-04-06,0.0
2018-04-09,0.00010900538121871861
2018-04-10,-0.00010899350034065947
2018-04-11,0.00021872790310317747
2018-04-12,0.0
2018-04-13,0.0
2018-04-16,0.00021857764540667013
2018-04-17,0.0
2018-04-18,-0.00010936734370992074
2018-04-19,0.00021855378230672962
2018-04-20,0.0
2018-04-23,0.0
2018-04-24,0.0001091506207915316
2018-04-25,0.00010954823434361494
2018-04-26,0.0001086149020259608
2018-04-27,0.00010983141645271033
2018-04-30,-0.00010981935483733718
2018-05-01,7.697411479257177e-05
2018-05-02,0.00010941355766003191
2018-05-03,0.0
2018-05-04,0.00021870083516706273
2018-05-07,0.0
2018-05-08,0.00010886607794402536
2018-05-09,0.0
2018-05-10,0.0
2018-05-11,0.0
2018-05-14,0.0
2018-05-15,0.00021893613407897305
2018-05-16,0.00010964867419205326
2018-05-17,0.0
2018-05-18,0.00010861392270933301
2018-05-21,0.0
2018-05-22,0.0
2018-05-23,0.0001097270077945467
2018-05-24,0.00021881643417764884
2018-05-25,0.00010866868390357887
2018-05-29,0.0
2018-05-30,-0.00010865687630390308
2018-05-31,0.000217950737612993
2018-06-01,6.582068014227005e-05
2018-06-04,0.00010894445192199953
2018-06-05,0.0
2018-06-06,-0.00010893258432131958
2018-06-07,0.00010894445192199953
2018-06-08,0.00021868267396585317
2018-06-11,0.00010941959697841064
2018-06-12,0.0
2018-06-13,-0.00010940762564004558
2018-06-14,0.00032856528840552457
2018-06-15,0.0
2018-06-18,-0.00010958792183812793
2018-06-19,0.00021828057419326363
2018-06-20,-0.00010865692383055237
2018-06-21,0.00010866873144066425
2018-06-22,0.00010957601435168662
2018-06-25,0.00021892379756827118
2018-06-26,-0.00010994837836864058
2018-06-27,0.0002184915526979303
2018-06-28,0.0
2018-06-29,0.00021854590112102557
2018-07-02,-0.00014195746174749946
2018-07-03,0.00021842710235331353
2018-07-05,0.0
2018-07-06,0.00021909372752104694
2018-07-09,0.0
2018-07-10,0.00010947185593868092
2018-07-11,0.0
2018-07-12,0.0
2018-07-13,0.00010894980851672287
2018-07-16,0.00010944794883016584
2018-07-17,0.0
2018-07-18,0.00010862004605893816
2018-07-19,0.00010942408563829886
2018-07-20,0.00010920817648041314
2018-07-23,-0.00010919625135696887
2018-07-24,0.00021923210031071783
2018-07-25,-0.00010999980834136558
2018-07-26,0.00011001190963044749
2018-07-27,0.00021826653351153524
2018-07-30,-0.00010946618519214191
2018-07-31,0.0002185485987762359
2018-08-01,5.4523298722797264e-05
2018-08-02,0.00010914255934113548
2018-08-03,0.0
2018-08-06,0.00010994581678591686
2018-08-07,0.00010911865140350585
2018-08-08,-0.00010910674582254032
2018-08-09,0.00010911865140350585
2018-08-10,0.00021831536535743545
2018-08-13,0.00010989774315461887
2018-08-14,-0.0002185492505216713
2018-08-15,0.00021859702473769893
2018-08-16,0.0
2018-08-17,0.000108561743269453
2018-08-20,0.0
2018-08-21,0.00010956825119401437
2018-08-22,0.0
2018-08-23,0.00032754874311180515
2018-08-24,0.0
2018-08-27,0.00010962215878085324
2018-08-28,0.0
2018-08-29,-0.00010961014308041861
2018-08-30,0.00043696186411001925
2018-08-31,-0.00010886209705640582
2018-09-04,8.750616486019602e-05
2018-09-05,-0.00010906790789744214
2018-09-06,0.00021836311710599077
2018-09-07,0.00021831544506500933
2018-09-10,0.0
2018-09-11,0.00010923560604747529
2018-09-12,0.0
2018-09-13,0.0
2018-09-14,0.00010983386306140375
2018-09-17,0.00021842335958521808
2018-09-18,0.0
2018-09-19,0.0
2018-09-20,0.00021847732588642366
2018-09-21,0.0
2018-09-24,0.00010926562320534572
2018-09-25,0.0
2018-09-26,0.0
2018-09-27,0.00021860900240211478
2018-09-28,0.0
2018-10-01,6.513144765762924e-05
2018-10-02,0.00011003551312360749
2018-10-03,0.0
2018-10-04,0.0002182181694054819
2018-10-05,0.00010949155696171609
2018-10-08,0.0
2018-10-09,-0.00010947956987328311
2018-10-10,0.00021847526811202833
2018-10-11,0.00010936609401279718
2018-10-12,0.0
2018-10-15,0.00010965874199486692
2018-10-16,0.00010863147088224778
2018-10-17,0.0
2018-10-18,0.0
2018-10-19,0.00010953329477159102
2018-10-22,0.00021863658671139596
2018-10-23,0.0
2018-10-24,0.00010939587800806727
2018-10-25,0.00010918097324696951
2018-10-26,0.00010957488697815876
2018-10-29,0.0
2018-10-30,0.0
2018-10-31,0.00010875130473664285
2018-11-01,0.00021859475524732552
2018-11-02,0.0
2018-11-05,0.0001094256118807646
2018-11-06,0.0
2018-11-07,0.00010951504204315121
2018-11-08,0.00010899609124814802
2018-11-09,0.00021898223141669781
2018-11-12,-0.00010966986128280176
2018-11-13,0.00010968189008053741
2018-11-14,-0.00010966986128280176
2018-11-15,0.0003279306048156183
2018-11-16,0.000109037915705823
2018-11-19,-0.00010902602773499304
2018-11-20,0.0002184811768231043
2018-11-21,0.00021873739587818797
2018-11-23,0.0
2018-11-26,0.00010949671823845541
2018-11-27,0.0
2018-11-28,0.00010877576322054772
2018-11-29,0.00010927028211882295
2018-11-30,0.00010895456675563686
2018-12-03,-3.2298067218827775e-05
2018-12-04,0.00010894621570356477
2018-12-06,0.00021877985633822483
2018-12-07,0.00010931539211322949
2018-12-10,0.00010879740910363367
2018-12-11,-0.00010878557351501339
2018-12-12,0.0002185056802368468
2018-12-13,0.00010917838057600271
2018-12-14,0.00010896411448491072
2018-12-17,0.00010935689345492605
2018-12-18,0.0
2018-12-19,-0.00010924378418042391
2018-12-20,0.00021881492748754283
2018-12-21,0.00021907047970670668
2018-12-24,0.00010920789391066776
2018-12-26,-0.00010919596884884086
2018-12-27,0.0003281292738332997
2018-12-28,0.00010977858286564945
2018-12-31,0.00010905901376290217
2019-01-02,-0.00010904712119141902
2019-01-03,0.0003275813379104431
2019-01-04,0.00010942746398967529
2019-01-07,0.0
2019-01-08,0.0
2019-01-09,0.0
2019-01-10,0.0001089103409257497
2019-01-11,0.000218807151498579
2019-01-14,-0.00010927864580123625
2019-01-15,0.0002183791619816411
2019-01-16,0.00010926672735234177
2019-01-17,0.00021871152858143894
2019-01-18,0.0
2019-01-22,0.00010933185215433738
2019-01-23,0.0
2019-01-24,0.0003274549913416802
2019-01-25,-0.00010918320568553685
2019-01-28,0.00010919512795970476
2019-01-29,0.0
2019-01-30,0.00021816459398538157
2019-01-31,0.0
2019-02-01,9.876806262565374e-05
2019-02-04,0.00010935036401371612
2019-02-05,0.0
2019-02-06,0.00021857594994800777
2019-02-07,0.0
2019-02-08,0.00021852818494250137
2019-02-11,-0.00010908898798089872
2019-02-12,0.00021890760767973028
2019-02-13,0.0
2019-02-14,0.00021835564489158799
2019-02-15,0.0
2019-02-19,0.00021830797611266384
2019-02-20,0.0
2019-02-21,0.00010902939752988061
2019-02-22,0.00021874031172353092
2019-02-25,-0.00010919513714968687
2019-02-26,0.00010920706202988129
2019-02-27,0.00010899367010708261
2019-02-28,0.00021897080899546673
2019-03-01,0.00010905863366761359
2019-03-04,-0.0001095501887374839
2019-03-05,0.00010956219129609757
2019-03-06,0.00010884536215560736
2019-03-07,0.0002188751749037099
2019-03-08,0.00010941363952232663
2019-03-11,0.0
2019-03-12,0.00010920037846728903
2019-03-13,0.0001093897240882491
2019-03-14,0.0
2019-03-15,0.00010897526523101497
2019-03-18,0.00010966767876174899
2019-03-19,0.0
2019-03-20,0.0
2019-03-21,0.00032765913952714776
2019-03-22,0.0
2019-03-25,0.0
2019-03-26,0.00010931802947955482
2019-03-27,0.00010900440763950137
2019-03-28,0.00021858833361676488
2019-03-29,0.0
2019-04-01,0.00017481234563176962
2019-04-02,-0.00010915067607586426
2019-04-03,0.00010916259124660321
2019-04-04,0.0003285576059779416
2019-04-05,0.0
2019-04-08,0.0
2019-04-09,0.00010911482557007801
2019-04-10,0.0
2019-04-11,0.00032771061485026287
2019-04-12,0.0
2019-04-15,0.00010936846889975094
2019-04-16,0.0
2019-04-17,0.00021851217909163445
2019-04-18,0.00010923222097525276
2019-04-22,0.0
2019-04-23,0.0
2019-04-24,0.00021854096749707175
2019-04-25,0.0002181921246895424
2019-04-26,-0.00010937329104232507
2019-04-29,0.0001093852548676999
2019-04-30,0.0001096743184487714
2019-05-01,4.3443524371467035e-05
2019-05-02,0.00010925621897639459
2019-05-03,0.00010974586409062681
2019-05-06,0.00010873076987505392
2019-05-07,0.00011002277381155778
2019-05-08,0.0
2019-05-09,0.00010900783813494463
2019-05-10,0.0002185935470582212
2019-05-13,-0.00010897213611549272
2019-05-14,0.00010898401233605526
2019-05-15,0.00010927288718121098
2019-05-16,0.000109160708520184
2019-05-17,0.0001094494791427092
2019-05-20,0.0001090366312972435
2019-05-21,0.0
2019-05-22,0.00021835010691040324
2019-05-23,0.00021860299462050925
2019-05-24,0.0
2019-05-28,0.00010937777169228724
2019-05-29,0.0
2019-05-30,0.00032719606194953066
2019-05-31,0.0
2019-06-03,-4.345168142994016e-05
2019-06-04,0.00021876969928524836
2019-06-05,0.0
2019-06-06,0.0003276323174596918
2019-06-07,-0.00010887479698551417
2019-06-10,0.00021847386149898007
2019-06-11,-0.000109563272789992
2019-06-12,0.0001095752782160897
2019-06-13,0.0003278893561031726
2019-06-14,0.0001093273099619374
2019-06-17,0.0
2019-06-18,0.0
2019-06-19,0.00021813064735587417
2019-06-20,0.00010989147242179698
2019-06-21,0.0
2019-06-24,0.0001088795850778812
2019-06-25,0.0
2019-06-26,0.000219035078002916
2019-06-27,0.0
2019-06-28,0.00010884389097420843
2019-07-01,-5.5165554627700786e-05
2019-07-02,0.000109537651169056
2019-07-03,0.0003280773011280491
2019-07-05,-0.00010958963228135943
2019-07-08,0.0
2019-07-09,0.00010960164348516876
2019-07-10,0.00010928993410730392
2019-07-11,0.0002189555361438167
2019-07-12,0.00010915420273138743
2019-07-15,0.0
2019-07-16,0.00010924214510033003
2019-07-17,0.0
2019-07-18,0.00032719141366666094
2019-07-19,0.0
2019-07-22,0.0
2019-07-23,-0.00010899486077253773
2019-07-24,0.00021861242203691233
2019-07-25,0.0002183650386795577
2019-07-26,-0.00010935824173496922
2019-07-29,0.00021874040453595534
2019-07-30,0.0
2019-07-31,0.00010914674680329028
2019-08-01,0.0002731363605847914
2019-08-02,0.0
2019-08-05,-0.00010960368643375684
2019-08-06,0.0001096157007185461
2019-08-07,0.0002184095298360944
2019-08-08,0.00011007829617937226
2019-08-09,-0.00011006618028186477
2019-08-12,0.00021896008913957488
2019-08-13,0.00010915701773450692
2019-08-14,-0.0001091451037805724
2019-08-15,0.00043672775771241845
2019-08-16,-0.0001093086531599452
2019-08-19,0.0
2019-08-20,0.00010932060284774003
2019-08-21,-0.0001093086531599452
2019-08-22,0.000327862154393177
2019-08-23,-0.00010898590804242492
2019-08-26,0.00010899778726525255
2019-08-27,0.00010928477250682356
2019-08-28,-0.00010927283065043092
2019-08-29,0.000218669166501817
2019-08-30,0.00010926088052110039
2019-09-03,0.00019688711218002197
2019-09-04,-0.00010962571530526155
2019-09-05,0.00010963773442029812
2019-09-06,0.00010882916151566668
2019-09-09,0.0
2019-09-10,0.00021863022192469828
2019-09-11,-0.0001089926067179281
2019-09-12,0.00021850671218781592
2019-09-13,0.0
2019-09-16,0.0
2019-09-17,0.00010947830304242068
2019-09-18,0.00021863409320532767
2019-09-19,0.0
2019-09-20,0.00010924340485218842
2019-09-23,0.00021786605077900312
2019-09-24,0.0
2019-09-25,0.0
2019-09-26,0.00021861427986880066
2019-09-27,0.0
2019-09-30,0.00010928324905568054
2019-10-01,-3.281122064202613e-05
2019-10-02,0.0
2019-10-03,0.00032812297253559386
2019-10-04,0.0
2019-10-07,0.00010943784631090026
2019-10-08,0.0
2019-10-09,0.0
2019-10-10,0.00021875235424650974
2019-10-11,0.00010920320709639775
2019-10-14,-0.00010919128305819648
2019-10-15,0.00010920320709639775
2019-10-16,0.00010889321768137172
2019-10-17,0.00010967611570111835
2019-10-18,0.0
2019-10-21,0.0001090680876907335
2019-10-22,0.0
2019-10-23,0.0
2019-10-24,0.00021850967660164144
2019-10-25,0.0
2019-10-28,-0.0001096281738051097
2019-10-29,0.00021858520453266195
2019-10-30,0.00010951694290661784
2019-10-31,0.00010900855429252232
2019-11-01,-1.0919520946672812e-05
2019-11-04,0.00010929567129580597
2019-11-05,-0.00010928372705754086
2019-11-06,0.00010929567129580597
2019-11-07,0.00021876597133041464
2019-11-08,0.0
2019-11-11,0.0
2019-11-12,0.00010925982472587137
2019-11-13,0.0
2019-11-14,0.00010944634043386081
2019-11-15,-0.00010943436324328815
2019-11-18,0.0002186942287545346
2019-11-19,-0.00010922400166191171
2019-11-20,0.00010923593284761779
2019-11-21,0.0
2019-11-22,0.00010902559293946013
2019-11-25,0.0
2019-11-26,0.00010950967538803091
2019-11-27,0.00021810272449873658
2019-11-29,0.0
2019-12-02,7.65523366113019e-05
2019-12-03,-0.00010916796756010871
2019-12-04,0.00010917988650649413
2019-12-05,0.0002186333955223052
2019-12-06,0.0
2019-12-09,0.00010973889577692297
2019-12-10,0.0
2019-12-11,0.0
2019-12-12,0.00021826425794913007
2019-12-13,-0.0002182166290585208
2019-12-16,0.00021826425794913007
2019-12-17,-0.00010851371880971072
2019-12-18,0.00021843853120895318
2019-12-19,0.00010879905953231628
2019-12-20,5.518623272915413e-05
2019-12-23,0.0
2019-12-24,0.00010917750895766964
2019-12-26,0.00010936371319925087
2019-12-27,-0.00010935175408532949
2019-12-30,0.00010936371319925087
2019-12-31,0.0
2020-01-02,0.00032805526225598847
2020-01-03,0.0
2020-01-06,-0.00010921687441312056
2020-01-07,0.0
2020-01-08,0.0002185566369174996
2020-01-09,0.00010940295096895092
2020-01-10,0.0
2020-01-13,0.0
2020-01-14,0.0
2020-01-15,0.00010879700508281687
2020-01-16,0.0002193520798854376
2020-01-17,-0.00010955302366344455
2020-01-21,0.00010956502684345004
2020-01-22,0.0
2020-01-23,0.00010905820422513202
2020-01-24,0.0
2020-01-27,0.00010954107731020457
2020-01-28,0.0
2020-01-29,0.00010923225260350833
2020-01-30,0.0
2020-01-31,0.0
2020-02-03,8.725754003591213e-05
2020-02-04,0.0
2020-02-05,0.00021871835397169193
2020-02-06,0.00010928581276314908
2020-02-07,0.0
2020-02-10,-0.00010927387067927175
2020-02-11,0.00010928581276314908
2020-02-12,0.00010937276105993377
2020-02-13,0.0001088664021373642
2020-02-14,0.0
2020-02-18,0.00010984323955898212
2020-02-19,0.0
2020-02-20,0.0
2020-02-21,0.00021837719742667794
2020-02-24,-0.00010911534143909218
2020-02-25,0.0
2020-02-26,0.00021884758066659238
2020-02-27,0.000218206743774374
2020-02-28,-0.00010898076603105267
2020-03-02,0.0002949619607766074
2020-03-03,0.00021811858103593096
2020-03-04,0.0004374259640012035
2020-03-05,0.00021896287611777865
2020-03-06,0.0
2020-03-09,0.00043654679346372127
2020-03-10,-0.00021803016748267456
2020-03-11,0.00021807771500337303
2020-03-12,0.00010901508374128177
2020-03-13,0.00021869691951037495
2020-03-16,0.00010917661502007903
2020-03-17,0.0
2020-03-18,0.0002181321673846437
2020-03-19,-0.0002180845961190503
2020-03-20,0.0003272968641725438
2020-03-23,-0.0002182579584304456
2020-03-24,0.0
2020-03-25,0.0
2020-03-26,0.0
2020-03-27,-0.0002181084006639411
2020-03-30,0.0
2020-03-31,0.00010917661502007903
2020-04-01,-8.727258957297312e-05
2020-04-02,0.00010877973789513717
2020-04-03,-0.00032709260625751746
2020-04-06,0.00010890213821057593
2020-04-07,-0.00021817508965205068
2020-04-08,0.0001093086582519831
2020-04-09,-0.00021888935207370341
2020-04-13,0.00021893727511201888
2020-04-14,0.00010890213821057593
2020-04-15,-0.0001088902798263014
2020-04-16,-0.00010929671117509976
2020-04-17,0.00021822270040927627
2020-04-20,-0.0001088902798263014
2020-04-21,0.0
2020-04-22,0.0
2020-04-23,0.00010890213821057593
2020-04-24,-0.0001088902798263014
2020-04-27,0.0
2020-04-28,0.0
2020-04-29,-0.00010929671117509976
2020-04-30,0.00021822270040927627
2020-05-01,-0.0001743822597218836
2020-05-04,0.0
2020-05-05,0.0
2020-05-06,0.00010920522077895178
2020-05-07,-0.00010919329630099117
2020-05-08,0.0
2020-05-11,0.00010920522077895178
2020-05-12,0.0
2020-05-13,0.0
2020-05-14,0.00010899601843950002
2020-05-15,-0.00021816553556586182
2020-05-18,0.0
2020-05-19,0.0
2020-05-20,0.0
2020-05-21,0.00010920522077895178
2020-05-22,-0.00010919329630099117
2020-05-26,0.00010920522077895178
2020-05-27,-0.00010919329630099117
2020-05-28,0.0
2020-05-29,0.0
2020-06-01,0.00010920522077895178
2020-06-02,0.0
2020-06-03,0.0
2020-06-04,0.0
2020-06-05,-0.00021868250939416356
2020-06-08,0.000109513161706154
2020-06-09,0.0
2020-06-10,0.00010920522077895178
2020-06-11,-0.00021868250939416356
2020-06-12,0.00021873034189412444
2020-06-15,0.0
2020-06-16,0.0
2020-06-17,0.0
2020-06-18,-0.00010919329630099117
2020-06-19,0.0
2020-06-22,0.0
2020-06-23,0.0
2020-06-24,0.0
2020-06-25,0.00010920522077895178
2020-06-26,-0.00010919329630099117
2020-06-29,0.0
2020-06-30,0.0
2020-07-01,0.0
2020-07-02,0.00010920522077895178
2020-07-06,-0.00010919329630099117
2020-07-07,0.0
2020-07-08,0.0
2020-07-09,0.0
2020-07-10,0.00010920522077895178
2020-07-13,0.0
2020-07-14,0.0
2020-07-15,0.0
2020-07-16,-0.00010919329630099117
2020-07-17,0.00010920522077895178
2020-07-20,0.0
2020-07-21,0.0
2020-07-22,-0.00010919329630099117
2020-07-23,0.00010920522077895178
2020-07-24,-0.00010919329630099117
2020-07-27,0.0
2020-07-28,0.00010920522077895178
2020-07-29,0.0
2020-07-30,-0.00010919329630099117
2020-07-31,0.00010920522077895178
2020-08-03,-0.00010919329630099117
2020-08-04,0.00010920522077895178
2020-08-05,-0.00010919329630099117
2020-08-06,0.0
2020-08-07,0.00010920522077895178
2020-08-10,0.0
2020-08-11,-0.00010919329630099117
2020-08-12,0.0
2020-08-13,0.00010920522077895178
2020-08-14,-0.00010919329630099117
2020-08-17,0.0
2020-08-18,0.00010920522077895178
2020-08-19,0.0
2020-08-20,0.0
2020-08-21,0.0
2020-08-24,0.0
2020-08-25,-0.00010919329630099117
2020-08-26,0.0
2020-08-27,0.0
2020-08-28,0.00010920522077895178
2020-08-31,0.0
2020-09-01,0.0
2020-09-02,0.0
2020-09-03,-0.00010919329630099117
2020-09-04,0.00010920522077895178
2020-09-08,0.0
2020-09-09,-0.00010919329630099117
2020-09-10,0.0
2020-09-11,-0.00010950116988683867
2020-09-14,0.00021873034189412444
2020-09-15,-0.00021868250939416356
2020-09-16,0.00021873034189412444
2020-09-17,0.0
2020-09-18,-0.00021868250939416356
2020-09-21,0.0
2020-09-22,0.0
2020-09-23,0.0
2020-09-24,0.000109513161706154
2020-09-25,-0.00010950116988683867
2020-09-28,0.000109513161706154
2020-09-29,0.0
2020-09-30,-0.00010950116988683867
2020-10-01,0.0
2020-10-02,0.0
2020-10-05,0.0
2020-10-06,0.000109513161706154
2020-10-07,-0.00010950116988683867
2020-10-08,0.0
2020-10-09,0.0
2020-10-12,0.000109513161706154
2020-10-13,-0.00010950116988683867
2020-10-14,0.0
2020-10-15,0.0
2020-10-16,0.000109513161706154
2020-10-19,0.0
2020-10-20,-0.00010950116988683867
2020-10-21,0.0
2020-10-22,0.000109513161706154
2020-10-23,0.0
2020-10-26,0.0
2020-10-27,-0.00010950116988683867
2020-10-28,0.0
2020-10-29,0.000109513161706154
2020-10-30,0.0
2020-11-02,0.0
2020-11-03,0.0
2020-11-04,-0.00010950116988683867
2020-11-05,0.000109513161706154
2020-11-06,-0.00010950116988683867
2020-11-09,0.000109513161706154
2020-11-10,-0.00010950116988683867
2020-11-11,0.0
2020-11-12,0.0
2020-11-13,0.000109513161706154
2020-11-16,0.0
2020-11-17,0.0
2020-11-18,0.0
2020-11-19,0.0
2020-11-20,0.0
2020-11-23,0.0
2020-11-24,0.0
2020-11-25,-0.00010950116988683867
2020-11-27,0.000109513161706154
2020-11-30,-0.00010950116988683867
2020-12-01,-7.656055268823181e-05
2020-12-02,0.00010922554255587968
2020-12-03,0.0
2020-12-04,0.00010950958549238443
2020-12-07,-0.00021869924946793518
2020-12-08,0.0
2020-12-09,0.0
2020-12-10,0.0
2020-12-11,0.00010922554255587968
2020-12-14,-0.00010921361363969151
2020-12-15,0.0
2020-12-16,0.00010922554255587968
2020-12-17,0.0
2020-12-18,0.0
2020-12-21,0.0
2020-12-22,0.0
2020-12-23,-0.00010921361363969151
2020-12-24,0.00010922554255587968
2020-12-28,0.0
2020-12-29,0.0
2020-12-30,-0.00010921361363969151
2020-12-31,0.00010922554255587968
2021-01-04,0.0
2021-01-05,-0.00010921361363969151
2021-01-06,0.00010922554255587968
2021-01-07,0.0
2021-01-08,-0.00010921361363969151
2021-01-11,0.00010922554255587968
2021-01-12,-0.00010921361363969151
2021-01-13,0.0
2021-01-14,0.00010922554255587968
2021-01-15,0.0
2021-01-19,0.0
2021-01-20,0.0
2021-01-21,0.0
2021-01-22,-0.00010921361363969151
2021-01-25,0.00010922554255587968
2021-01-26,-0.00010921361363969151
2021-01-27,0.0
2021-01-28,0.00010922554255587968
2021-01-29,0.0
2021-02-01,0.0
2021-02-02,-0.00010921361363969151
2021-02-03,0.0
2021-02-04,0.00010922554255587968
2021-02-05,0.0
2021-02-08,0.0
2021-02-09,0.0
2021-02-10,-0.00010921361363969151
2021-02-11,0.00010922554255587968
2021-02-12,-0.00010921361363969151
2021-02-16,0.00010922554255587968
2021-02-17,0.0
2021-02-18,-0.00010921361363969151
2021-02-19,0.00010922554255587968
2021-02-22,-0.00010921361363969151
2021-02-23,0.0
2021-02-24,-0.00010912687449582403
2021-02-25,0.00010913878447027514
2021-02-26,0.0
2021-03-01,-0.00010912687449582403
2021-03-02,0.0
2021-03-03,0.00010913878447027514
2021-03-04,0.0
2021-03-05,0.0
2021-03-08,-0.00010912687449582403
2021-03-09,0.0
2021-03-10,0.0
2021-03-11,0.00010913878447027514
2021-03-12,-0.00010912687449582403
2021-03-15,0.0
2021-03-16,0.0
2021-03-17,0.00010913878447027514
2021-03-18,-0.00010912687449582403
2021-03-19,0.0
2021-03-22,0.0
2021-03-23,0.00010913878447027514
2021-03-24,-0.00010912687449582403
2021-03-25,0.0
2021-03-26,0.0
2021-03-29,0.0
2021-03-30,0.00010913878447027514
2021-03-31,-0.00010912687449582403
2021-04-01,0.00010913878447027514
2021-04-05,-0.00010912687449582403
2021-04-06,-0.00010973085744203637
2021-04-07,0.0
2021-04-08,0.0001097428996246208
2021-04-09,-0.00010973085744203637
2021-04-12,0.0
2021-04-13,0.0
2021-04-14,0.0
2021-04-15,0.0001097428996246208
2021-04-16,0.0
2021-04-19,-0.00010973085744203637
2021-04-20,0.0
2021-04-21,0.0
2021-04-22,0.0001097428996246208
2021-04-23,0.0
2021-04-26,-0.00010973085744203637
2021-04-27,0.0001097428996246208
2021-04-28,-0.00010973085744203637
2021-04-29,0.0
2021-04-30,0.0001097428996246208
2021-05-03,0.0
2021-05-04,-0.00010973085744203637
2021-05-05,0.0001097428996246208
2021-05-06,0.0
2021-05-07,-0.00010973085744203637
2021-05-10,0.0
2021-05-11,0.0
2021-05-12,-0.00010885469270305315
2021-05-13,0.0
2021-05-14,0.0
2021-05-17,0.00010886654333730483
2021-05-18,0.0
2021-05-19,-0.00010885469270305315
2021-05-20,0.0
2021-05-21,0.00010886654333730483
2021-05-24,-0.00010885469270305315
2021-05-25,0.0
2021-05-26,0.0
2021-05-27,0.00010886654333730483
2021-05-28,0.0
2021-06-01,-0.00010885469270305315
2021-06-02,0.0
2021-06-03,0.0
2021-06-04,0.00010886654333730483
2021-06-07,-0.00021820283369589077
2021-06-08,0.0
2021-06-09,0.0
2021-06-10,0.0
2021-06-11,0.00010937200627458843
2021-06-14,-0.0001093600453468957
2021-06-15,0.0
2021-06-16,0.00010937200627458843
2021-06-17,-0.0001093600453468957
2021-06-18,0.00010937200627458843
2021-06-21,-0.0001093600453468957
2021-06-22,0.0
2021-06-23,0.0
2021-06-24,0.00010937200627458843
2021-06-25,0.0
2021-06-28,-0.0001093600453468957
2021-06-29,0.0
2021-06-30,0.0
2021-07-01,0.00010937200627458843
2021-07-02,-0.0001093600453468957
2021-07-06,-0.00010947071747147152
2021-07-07,0.0
2021-07-08,0.00010948270262156612
2021-07-09,0.0
2021-07-12,0.0
2021-07-13,0.0
2021-07-14,-0.00010947071747147152
2021-07-15,0.00010948270262156612
2021-07-16,0.0
2021-07-19,-0.00010947071747147152
2021-07-20,0.0
2021-07-21,0.0
2021-07-22,0.00010948270262156612
2021-07-23,-0.00010947071747147152
2021-07-26,0.00010948270262156612
2021-07-27,-0.00010947071747147152
2021-07-28,0.0
2021-07-29,0.00010948270262156612
2021-07-30,-0.00010947071747147152
2021-08-02,0.0
2021-08-03,0.0
2021-08-04,0.0
2021-08-05,0.0
2021-08-06,0.00010948270262156612
2021-08-09,0.0
2021-08-10,-0.00010947071747147152
2021-08-11,0.0
2021-08-12,0.0
2021-08-13,0.00010948270262156612
2021-08-16,-0.00021874401254895481
2021-08-17,0.0
2021-08-18,0.0
2021-08-19,0.00021879187196094385
2021-08-20,0.0
2021-08-23,-0.00021874401254895481
2021-08-24,0.0
2021-08-25,0.0
2021-08-26,0.00010929720318619829
2021-08-27,0.0
2021-08-30,0.0
2021-08-31,-0.00010928525861320093
2021-09-01,0.0
2021-09-02,0.00021879187196094385
2021-09-03,-0.00021874401254895481
2021-09-07,0.0
2021-09-08,0.0
2021-09-09,0.0
2021-09-10,0.00010929720318619829
2021-09-13,0.0
2021-09-14,-0.00010928525861320093
2021-09-15,0.0
2021-09-16,0.00010929720318619829
2021-09-17,-0.00010928525861320093
2021-09-20,0.00010929720318619829
2021-09-21,-0.00010928525861320093
2021-09-22,0.0
2021-09-23,0.00010929720318619829
2021-09-24,-0.00010928525861320093
2021-09-27,0.0
2021-09-28,0.0
2021-09-29,0.00010929720318619829
2021-09-30,0.0
2021-10-01,0.0
2021-10-04,-0.0002188666832387831
2021-10-05,0.00010960541359894549
2021-10-06,0.0
2021-10-07,0.0
2021-10-08,0.0
2021-10-11,0.0
2021-10-12,0.0
2021-10-13,0.0
2021-10-14,-0.00010959340156890818
2021-10-15,0.00010960541359894549
2021-10-18,-0.00010959340156890818
2021-10-19,0.0
2021-10-20,0.0
2021-10-21,0.0
2021-10-22,0.0
2021-10-25,0.00010960541359894549
2021-10-26,-0.0002185944063725076
2021-10-27,0.0
2021-10-28,0.00021864220033451787
2021-10-29,0.0
2021-11-01,0.0
2021-11-02,-0.0002185944063725076
2021-11-03,0.0
2021-11-04,0.00010902483702324162
2021-11-05,0.0
2021-11-08,0.00010960541359894549
2021-11-09,-0.0002185944063725076
2021-11-10,0.0
2021-11-11,0.00010902483702324162
2021-11-12,0.0
2021-11-15,0.0
2021-11-16,-0.00010901295190390847
2021-11-17,0.0
2021-11-18,0.00010902483702324162
2021-11-19,0.0
2021-11-22,0.0
2021-11-23,-0.00010901295190390847
2021-11-24,0.00010902483702324162
2021-11-26,-0.00010901295190390847
2021-11-29,0.00010902483702324162
2021-11-30,-0.00010901295190390847
2021-12-01,0.00010902483702324162
2021-12-02,0.0
2021-12-03,-0.00010901295190390847
2021-12-06,0.0
2021-12-07,0.0
2021-12-08,0.00010902483702324162
2021-12-09,-0.00010901295190390847
2021-12-10,0.00010902483702324162
2021-12-13,0.0
2021-12-14,0.0
2021-12-15,0.0
2021-12-16,-0.00010901295190390847
2021-12-17,0.00010902483702324162
2021-12-20,-0.00010901295190390847
2021-12-21,-0.00010951860892993714
2021-12-22,0.0
2021-12-23,0.0
2021-12-27,0.0001095306045695299
2021-12-28,-0.00010951860892993714
2021-12-29,0.0
2021-12-30,0.0001095306045695299
2021-12-31,0.0
2022-01-03,-0.00010951860892993714
2022-01-04,0.0001095306045695299
2022-01-05,0.0
2022-01-06,0.0
2022-01-07,0.0
2022-01-10,-0.00010951860892993714
2022-01-11,-0.00010913554377744994
2022-01-12,0.00010914745564449824
2022-01-13,0.0001095306045695299
2022-01-14,0.0
2022-01-18,-0.00021864220033451787
2022-01-19,0.0002186900152005844
2022-01-20,0.0
2022-01-21,-0.00010951860892993714
2022-01-24,0.0001095306045695299
2022-01-25,-0.00021864220033451787
2022-01-26,0.00010914745564449824
2022-01-27,0.0001095306045695299
2022-01-28,-0.00021864220033451787
2022-01-31,0.0002186900152005844
2022-02-01,-0.00010951860892993714
2022-02-02,0.0001095306045695299
2022-02-03,0.0
2022-02-04,-0.00021864220033451787
2022-02-07,0.0
2022-02-08,0.00010914745564449824
2022-02-09,-0.00010913554377744994
2022-02-10,0.0
2022-02-11,0.0
2022-02-14,-0.00010954255955619718
2022-02-15,0.00021871397368911083
2022-02-16,0.0
2022-02-17,-0.00010913554377744994
2022-02-18,0.00010914745564449824
2022-02-22,0.0
2022-02-23,-0.00010913554377744994
2022-02-24,0.0
2022-02-25,0.0
2022-02-28,0.0
2022-03-01,0.00024071705828543344
2022-03-02,0.0
2022-03-03,0.00010912118831285511
2022-03-04,0.0
2022-03-07,0.0
2022-03-08,0.0
2022-03-09,0.0
2022-03-10,0.0
2022-03-11,-0.0001091092821784434
2022-03-14,0.00010912118831285511
2022-03-15,-0.00021831730578869557
2022-03-16,0.00021836497864247129
2022-03-17,0.0
2022-03-18,-0.0001091092821784434
2022-03-21,0.0
2022-03-22,0.0
2022-03-23,0.0002187361376591035
2022-03-24,0.0
2022-03-25,-0.0002186883026242814
2022-03-28,0.0
2022-03-29,0.0
2022-03-30,0.0002187361376591035
2022-03-31,0.0
2022-04-01,0.0
2022-04-04,-0.00010959097783880267
2022-04-05,-0.0001091092821784434
2022-04-06,0.00010912118831285511
2022-04-07,0.0
2022-04-08,-0.0001091092821784434
2022-04-11,0.00010912118831285511
2022-04-12,0.0
2022-04-13,0.0
2022-04-14,-0.0001091092821784434
2022-04-18,0.00010912118831285511
2022-04-19,-0.0001091092821784434
2022-04-20,0.0002187361376591035
2022-04-21,0.0
2022-04-22,-0.00010959097783880267
2022-04-25,0.00010960298933770929
2022-04-26,-0.00010959097783880267
2022-04-27,0.0
2022-04-28,0.00021861353008412188
2022-04-29,-0.0002185657486543091
2022-05-02,0.00010960298933770929
2022-05-03,-0.00010959097783880267
2022-05-04,0.00021861353008412188
2022-05-05,0.0
2022-05-06,0.0
2022-05-09,-0.00010898671477610478
2022-05-10,0.0
2022-05-11,0.0
2022-05-12,0.00010899859417490276
2022-05-13,0.00010967775372860977
2022-05-16,-0.00010966572583803735
2022-05-17,0.0
2022-05-18,0.0
2022-05-19,0.00021876318835500896
2022-05-20,0.0
2022-05-23,0.0
2022-05-24,-0.00010906157596834998
2022-05-25,0.00010907347169308856
2022-05-26,0.00021881403974832736
2022-05-27,-0.00021876617063876225
2022-05-31,-0.00010906157596834998
2022-06-01,1.0561865584790553e-05
2022-06-02,0.00021873688726148366
2022-06-03,-0.00021868905189903476
2022-06-06,0.00010996069152047205
2022-06-07,-0.00010994860149626806
2022-06-08,0.00010996069152047205
2022-06-09,0.00010876423595052032
2022-06-10,-0.00021868905189903476
2022-06-13,0.00010996069152047205
2022-06-14,-0.00010994860149626806
2022-06-15,0.00010996069152047205
2022-06-16,0.00021871283744667736
2022-06-17,-0.00010992455958391822
2022-06-21,0.00021878773829442366
2022-06-22,0.00010971526717540314
2022-06-23,0.0
2022-06-24,-0.0002185185762493269
2022-06-27,0.0
2022-06-28,0.00021856633705419348
2022-06-29,0.00010940726910191323
2022-06-30,0.0001088034413059269
2022-07-01,-7.614425983737405e-05
2022-07-05,0.0
2022-07-06,0.0
2022-07-07,0.0
2022-07-08,-0.00010968764863805713
2022-07-11,0.0001096996813381157
2022-07-12,-0.00010968764863805713
2022-07-13,0.0
2022-07-14,0.0001096996813381157
2022-07-15,-0.00010968764863805713
2022-07-18,0.0
2022-07-19,0.0
2022-07-20,0.0
2022-07-21,0.00032850713925913766
2022-07-22,0.00010907194567000289
2022-07-25,-0.00010906005027810917
2022-07-26,0.0
2022-07-27,0.0
2022-07-28,0.00010907194567000289
2022-07-29,0.00010955308848004108
2022-08-01,7.631395323737244e-05
2022-08-02,0.0001095327290399073
2022-08-03,-0.00010952073293524212
2022-08-04,0.00021955840465537335
2022-08-05,0.00021872166795433579
2022-08-08,0.00010909055432484216
2022-08-09,-0.00010907865487397306
2022-08-10,0.00010909055432484216
2022-08-11,0.0
2022-08-12,0.00021855145122895436
2022-08-15,-0.00010915333462446775
2022-08-16,0.00010916525037552027
2022-08-17,0.0
2022-08-18,0.0004375984768971719
2022-08-19,0.0
2022-08-22,0.0001092040609336209
2022-08-23,-0.0002185811934120041
2022-08-24,0.0003282389169632083
2022-08-25,0.00010908172288481843
2022-08-26,0.0
2022-08-29,0.0
2022-08-30,0.00010926670230149149
2022-08-31,0.00021831267335592486
2022-09-01,0.00020793236893923428
2022-09-02,0.0001095033673024215
2022-09-06,0.0
2022-09-07,0.00010919625262073573
2022-09-08,0.00021945066707695915
2022-09-09,0.0
2022-09-12,-0.00010994711622380748
2022-09-13,0.00021844310943786027
2022-09-14,0.0
2022-09-15,0.00032852725783083514
2022-09-16,0.0
2022-09-19,0.0
2022-09-20,-0.00010970248705166608
2022-09-21,0.00021864256197967613
2022-09-22,0.00043689466867613547
2022-09-23,0.0
2022-09-26,-0.00021820456840393465
2022-09-27,0.00032752568934424353
2022-09-28,0.00010963066059144211
2022-09-29,0.00021815681555881206
2022-09-30,0.0
2022-10-03,-0.00027359402280535683
2022-10-04,0.00032818657028332865
2022-10-05,0.0
2022-10-06,0.00021849013789521088
2022-10-07,0.0
2022-10-10,0.00010936846973774728
2022-10-11,0.0
2022-10-12,0.0
2022-10-13,0.0003285603568909945
2022-10-14,0.0
2022-10-17,0.0
2022-10-18,0.0
2022-10-19,0.0
2022-10-20,0.0004368898311437608
2022-10-21,0.0001086843077908739
2022-10-24,-0.00010867249679569202
2022-10-25,0.0
2022-10-26,0.00021844761141709412
2022-10-27,0.00032784502648897096
2022-10-28,-0.00010950729169545426
2022-10-31,0.0
2022-11-01,8.775269466965163e-05
2022-11-02,0.00032794079065778803
2022-11-03,0.0003281273016322306
2022-11-04,0.0002186797796155382
2022-11-07,-0.00010892417104735319
2022-11-08,0.0001089360368149439
2022-11-09,0.0005468737832352577
2022-11-10,0.00010945203494627798
2022-11-11,-0.00010944005650947997
2022-11-14,0.0
2022-11-15,0.00021841457063076497
2022-11-16,0.00010942813424730247
2022-11-17,0.0003278570120639479
2022-11-18,0.0
2022-11-21,0.00010879328581059333
2022-11-22,0.00021844332765197372
2022-11-23,0.00021849342426727425
2022-11-25,0.0
2022-11-28,0.00010883171839326522
2022-11-29,0.0003277306578048922
2022-11-30,0.0
2022-12-01,0.0002188390621959968
2022-12-02,0.00010915129542166113
2022-12-05,0.00010923709031085416
2022-12-06,0.00032787087046104446
2022-12-07,0.0
2022-12-08,0.0006561128021789209
2022-12-09,-0.00010892256357253327
2022-12-12,0.0001089344289897376
2022-12-13,0.0
2022-12-14,0.00032784130021523694
2022-12-15,0.00021826157630333576
2022-12-16,0.0
2022-12-19,0.00012066636316365731
2022-12-20,0.00010943518569450639
2022-12-21,0.00010932568580157564
2022-12-22,0.0006573451272549047
2022-12-23,0.0
2022-12-27,0.0
2022-12-28,0.00032762832564192657
2022-12-29,0.00043760393336955694
2022-12-30,-0.00010935312998261448
2023-01-03,0.00010936508939751732
2023-01-04,-0.00010935312998261448
2023-01-05,0.0003280952681923299
2023-01-06,-0.00010981599201220771
2023-01-09,0.00021897454871178113
2023-01-10,-0.00010912260075079949
2023-01-11,0.0
2023-01-12,0.0007651098237804188
2023-01-13,0.00010905107374448164
2023-01-17,0.0
2023-01-18,0.00010913645246990455
2023-01-19,0.00043688720782197876
2023-01-20,0.00010888245575046973
2023-01-23,0.0
2023-01-24,0.0001097454547009935
2023-01-25,0.0001085670692266838
2023-01-26,0.000545691958784289
2023-01-27,0.00010898173662310384
2023-01-30,0.0
2023-01-31,0.00010877561872213448
2023-02-01,6.6035156923272e-05
2023-02-02,0.0004374540272717997
2023-02-03,0.00021877696494043697
2023-02-06,0.00010926751560225156
2023-02-07,0.0001092555775166204
2023-02-08,0.0
2023-02-09,0.0003279249645589122
2023-02-10,0.00010940180489704687
2023-02-13,0.00021839176767768365
2023-02-14,0.0
2023-02-15,0.00021844103875934273
2023-02-16,0.000546225667876099
2023-02-17,0.00010899173057943301
2023-02-21,0.0
2023-02-22,0.0003281988807721792
2023-02-23,0.0003268322920375599
2023-02-24,0.0001091989252037795
2023-02-27,0.00010899340812509095
2023-02-28,0.00010907831629536346
2023-03-01,5.467837358064109e-05
2023-03-02,0.0003276652217527598
2023-03-03,0.00021872663755728716
2023-03-06,0.00010919432673084373
2023-03-07,0.0
2023-03-08,0.0002186549307992003
2023-03-09,0.00021831707315889126
2023-03-10,0.00021865608095428257
2023-03-13,0.00021851163712183208
2023-03-14,0.00010889377069656092
2023-03-15,0.0005460519775399852
2023-03-16,0.000436062441128815
2023-03-17,0.00021832225619733414
2023-03-20,0.00010894430842212088
2023-03-21,0.0
2023-03-22,0.0002179613674813119
2023-03-23,0.0004362136003528416
2023-03-24,0.00021791527781833686
2023-03-27,-0.00010903030222986221
2023-03-28,0.00021769873349075652
2023-03-29,0.0
2023-03-30,0.00021755495985797957
2023-03-31,-0.000217507639991954
2023-04-03,0.00024059245893015557
2023-04-04,0.00010918497129108751
2023-04-05,0.0005469251887089133
2023-04-06,0.00010911337438157531
2023-04-10,0.00010948664725107804
2023-04-11,0.00010860810719082181
2023-04-12,0.0002187329987322073
2023-04-13,0.0005462316513087373
2023-04-14,0.0
2023-04-17,0.0002184695777986967
2023-04-18,0.00010858576799321895
2023-04-19,0.00010915098803288004
2023-04-20,0.0007637812122129883
2023-04-21,-0.0001093440338032492
2023-04-24,0.00010935599122841033
2023-04-25,-0.0001093440338032492
2023-04-26,0.00021823150797883883
2023-04-27,0.0003271317291742015
2023-04-28,0.0
2023-05-01,3.255841113425362e-05
2023-05-02,-0.00021848959821446634
2023-05-03,0.00010931670336167265
2023-05-04,0.000328202413195422
2023-05-05,0.00021853778442437743
2023-05-08,0.00010934101542758867
2023-05-09,0.00010932906127703035
2023-05-10,0.00010922113334865813
2023-05-11,0.0006556390960126279
2023-05-12,0.0002186589130983574
2023-05-15,0.00010920967384842051
2023-05-16,-0.00010919774839801555
2023-05-17,0.00021851522976357174
2023-05-18,0.0005461207976642513
2023-05-19,0.0
2023-05-22,0.00010874298380203484
2023-05-23,0.0
2023-05-24,0.0
2023-05-25,0.0006548777181591969
2023-05-26,0.0002178944161779217
2023-05-30,0.00010892347427216009
2023-05-31,0.00021791892688560743
2023-06-01,0.0005581221605308606
2023-06-02,0.00010920966438598967
2023-06-05,0.0
2023-06-06,0.00021849109761129526
2023-06-07,0.00010946068196204806
2023-06-08,0.0005463832126912926
2023-06-09,0.00010958000572824922
2023-06-12,0.00010889931923596663
2023-06-13,0.00021863456078485832
2023-06-14,0.000218395781284908
2023-06-15,0.0004365052427888205
2023-06-16,0.00010974672079178127
2023-06-20,0.00021775176928073847
2023-06-21,0.0
2023-06-22,0.0004363627343935139
2023-06-23,0.0001092814989378521
2023-06-26,0.00010869746587105489
2023-06-27,0.00021822934865345367
2023-06-28,0.00010913852624283571
2023-06-29,0.0003266173922664706
2023-06-30,0.0003270824039955933
2023-07-03,0.00025135107153761993
2023-07-05,0.00010921835272070801
2023-07-06,0.000328380959997876
2023-07-07,0.00010878985891960014
2023-07-10,0.00021841256982901847
2023-07-11,0.00010961060452152616
2023-07-12,0.00021853121904458206
2023-07-13,0.0004367767134092482
2023-07-14,0.0001086711289333131
2023-07-17,0.00010970503605056692
2023-07-18,0.0
2023-07-19,0.00021843545840560807
2023-07-20,0.0005450190485820627
2023-07-21,0.0
2023-07-24,0.00010932436120048017
2023-07-25,0.00010912246731886732
2023-07-26,0.0001087307156104611
2023-07-27,0.0005451136886298613
2023-07-28,0.00010894436046382516
2023-07-31,0.00010893249288312923
2023-08-01,0.0002626239529552876
2023-08-02,0.00010936629865643255
2023-08-03,0.0004374173559087424
2023-08-04,0.0002186130528107899
2023-08-07,0.0
2023-08-08,0.00021847049046574973
2023-08-09,0.00010954304724308805
2023-08-10,0.0005462339937569727
2023-08-11,0.00010899776038475473
2023-08-14,0.00010955400913226221
2023-08-15,0.00010897394263564841
2023-08-16,0.00021839747374619023
2023-08-17,0.0004363209868691875
2023-08-18,0.00010926918686515741
2023-08-21,0.00010925724841448492
2023-08-22,0.00010848863508239326
2023-08-23,0.0002185614983918338
2023-08-24,0.00032677779507062077
2023-08-25,0.00021815878897291086
2023-08-28,0.00021782769932943147
2023-08-29,-0.00010865392619074932
2023-08-30,0.00021780392600789789
2023-08-31,0.0006536473788258945
2023-09-01,0.00016380075144417638
2023-09-05,0.00021871134557782668
2023-09-06,0.0
2023-09-07,0.0005464228695808426
2023-09-08,0.00010931921295065372
2023-09-11,0.0
2023-09-12,0.0003277331672943973
2023-09-13,0.00010927145168770913
2023-09-14,0.00032721291520965146
2023-09-15,0.00021835330695951782
2023-09-18,0.00010938836733376256
2023-09-19,0.00010918798525172413
2023-09-20,0.0001088934690294252
2023-09-21,0.00054563250986428
2023-09-22,0.00010901050934730705
2023-09-25,0.00010890450073031133
2023-09-26,0.00010898675820292247
2023-09-27,0.00032730106861267316
2023-09-28,0.00032644137508008875
2023-09-29,0.00010909176404205745
2023-10-02,0.00015308794752133537
2023-10-03,0.00021887849592117092
2023-10-04,0.00010941529930441618
2023-10-05,0.0006557620496394634
2023-10-06,0.0
2023-10-09,0.00010933163337045748
2023-10-10,0.0
2023-10-11,0.0002182636935343929
2023-10-12,0.00043699551032649886
2023-10-13,0.0002184023143325664
2023-10-16,0.00010913039496385224
2023-10-17,0.00010902466181006432
2023-10-18,0.00010901277672892284
2023-10-19,0.0004365664042922379
2023-10-20,0.00021818794861783175
2023-10-23,0.00010921079126369193
2023-10-24,0.00010882393384181732
2023-10-25,0.00010909326067953806
2023-10-26,0.0004361380175343932
2023-10-27,0.00032672673392797336
2023-10-30,0.00010899819422571788
2023-10-31,0.0
2023-11-01,0.0003062665258457553
2023-11-02,0.0003282628716345659
2023-11-03,0.00010910433574640166
2023-11-06,0.00010937311707959196
2023-11-07,0.00021862876078659887
2023-11-08,0.00010905665989202618
2023-11-09,0.0005464396041618969
2023-11-10,0.00010926562192281608
2023-11-13,0.00010897330696035823
2023-11-14,0.00010914833089969989
2023-11-15,0.0002184597151129175
2023-11-16,0.00043673058347204474
2023-11-17,0.00021794314522582958
2023-11-20,0.0
2023-11-21,0.0003274969847963938
2023-11-22,0.00043620859879700546
2023-11-24,0.00010858481430187084
2023-11-27,0.00010903940389295208
2023-11-28,0.00021796176557042912
2023-11-29,0.00010919024754851847
2023-11-30,0.00043568771903257364
2023-12-01,0.00020782377289618736
2023-12-04,0.0
2023-12-05,0.0002187752592015535
2023-12-06,0.00010945685830132668
2023-12-07,0.0004372206477682994
2023-12-08,0.00021851478470846786
2023-12-11,0.00021846704642891623
2023-12-12,0.0
2023-12-13,0.00010916313290199042
2023-12-14,0.0004366979234935453
2023-12-15,0.0003276827666209847
2023-12-18,0.00012078355893074821
2023-12-19,0.0
2023-12-20,0.00021894605782746268
2023-12-21,0.0006580886484448545
2023-12-22,0.00010905197329735827
2023-12-26,0.00021919471391518286
2023-12-27,0.0
2023-12-28,0.0006569757405556764
2023-12-29,0.0
2024-01-02,0.0001095013992979954
2024-01-03,0.0003279115043492986
2024-01-04,0.0003285460713977617
2024-01-05,0.00010913939001011563
2024-01-08,0.00010931291317439751
2024-01-09,0.00010939367166873382
2024-01-10,0.0002183926265606484
2024-01-11,0.0005461403824520428
2024-01-12,0.00021878151294352222
2024-01-16,0.00010890380265959898
2024-01-17,0.00021880243492011786
2024-01-18,0.00043649081749230767
2024-01-19,0.00010891315864358653
2024-01-22,0.00010927139572780575
2024-01-23,0.00010888939936259945
2024-01-24,0.00010934006517859807
2024-01-25,0.0005451606494275563
2024-01-26,0.0001089912110006086
2024-01-29,0.00010897933321096787
2024-01-30,0.00010887503438161694
2024-01-31,0.00010932524973372715
2024-02-01,0.0005033216735561563
2024-02-02,0.00021888604183106786
2024-02-05,0.0
2024-02-06,0.00021856113091112128
2024-02-07,0.0001094874776697008
2024-02-08,0.0004372558205008037
2024-02-09,0.0001092431113176584
2024-02-12,0.00021837010106473542
2024-02-13,0.0
2024-02-14,0.00021850689781732768
2024-02-15,0.0005461017995722628
2024-02-16,0.00021833992715603046
2024-02-20,0.00010910005995889982
2024-02-21,0.00010918029370321491
2024-02-22,0.0005453812472868691
2024-02-23,0.00010910886873705117
2024-02-26,0.0
2024-02-27,0.0002181939305814229
2024-02-28,0.00010879703158983567
2024-02-29,0.0004364292722740526
2024-03-01,0.00027313227522873795
2024-03-04,0.0001094438047448687
2024-03-05,0.0
2024-03-06,0.0002187716966990383
2024-03-07,0.0004370799346016252
2024-03-08,0.00010963579137146517
2024-03-11,0.00010907243769819885
2024-03-12,0.0003275491431673494
2024-03-13,0.0
2024-03-14,0.00043692596635303005
2024-03-15,0.00021841347718565274
2024-03-18,0.00010886163044254715
2024-03-19,0.00021852557189738775
2024-03-20,0.0001090095173199579
2024-03-21,0.0003269929066209709
2024-03-22,0.00010914544345741461
2024-03-25,0.00021826706405936314
2024-03-26,0.00010910971697208893
2024-03-27,0.0006539451282003839
2024-03-28,0.0
2024-04-01,0.00027339086024302794
2024-04-02,0.0002188177794713031
2024-04-03,0.0
2024-04-04,0.0004375398174512046
2024-04-05,0.00021830809487322078
2024-04-08,0.00010981657703190706
2024-04-09,0.000108889481019947
2024-04-10,0.00021876168261503182
2024-04-11,0.0003275676487566326
2024-04-12,0.00010918394238901286
2024-04-15,0.00021852691282364667
2024-04-16,0.00010905675686601057
2024-04-17,0.00010895346087647084
2024-04-18,0.0005459874718998226
2024-04-19,0.00010906483118655608
2024-04-22,0.00021792320645586116
2024-04-23,0.00010912049157729697
2024-04-24,0.0
2024-04-25,0.000545086406695372
2024-04-26,0.0
2024-04-29,0.0002185545613477835
2024-04-30,0.00010866037811063656
2024-05-01,0.00019695404502928504
2024-05-02,0.0005470577767983098
2024-05-03,0.00010929703954509762
2024-05-06,0.0
2024-05-07,0.00010901165440313498
2024-05-08,0.00021891091364767412
2024-05-09,0.0005462463355025982
2024-05-10,0.0
2024-05-13,0.00021819711085524496
2024-05-14,0.00010962103988298999
2024-05-15,0.00010878968786642851
2024-05-16,0.00043693196568783677
2024-05-17,0.00010927627261825279
2024-05-20,0.00021807377626004154
2024-05-21,0.0001090585942082889
2024-05-22,0.00021809340345679828
2024-05-23,0.0006544103319179317
2024-05-24,0.00010895162547819304
2024-05-28,-0.00010893975631476316
2024-05-29,0.00021781238221141308
2024-05-30,0.0002180374971803012
2024-05-31,0.00021780830888751268
2024-06-03,0.0001640017293738083
2024-06-04,0.0002188147052561984
2024-06-05,0.0001093834179277664
2024-06-06,0.00010937145450418129
2024-06-07,0.0004373472200227546
2024-06-10,0.00021844194288500596
2024-06-11,0.00010928781349273109
2024-06-12,0.00021846105657341575
2024-06-13,0.00010934266922690838
2024-06-14,0.0005462002953198208
2024-06-17,0.00010881800003748054
2024-06-18,0.0002185182829681498
2024-06-20,0.00021810823711843064
2024-06-21,0.00032709101443306743
2024-06-24,0.000218351482517809
2024-06-25,0.0
2024-06-26,0.00010897089300554441
2024-06-27,0.00021809903433700484
2024-06-28,0.0003267153051147442
2024-07-01,0.00035021558790404583
2024-07-02,0.00010931363963884166
2024-07-03,0.0003282667011899054
2024-07-05,0.0003278878464501034
2024-07-08,0.00021873105810277238
2024-07-09,0.0
2024-07-10,0.00021859289764569745
2024-07-11,0.00010909194681074652
2024-07-12,0.00043686197653758363
2024-07-15,0.00021833560574457955
2024-07-16,0.0
2024-07-17,0.00032765751586882885
2024-07-18,0.00010924353676977638
2024-07-19,0.00032742421324605253
2024-07-22,0.00021830153113144846
2024-07-23,0.0
2024-07-24,0.0003269751525929454
2024-07-25,0.0
2024-07-26,0.0005452310621649747
2024-07-29,0.0
2024-07-30,0.00010880664599643985
2024-07-31,0.00021812998836123754
2024-08-01,0.00024041290511256364
2024-08-02,0.0005472354975166738
2024-08-05,0.0
2024-08-06,0.00021836060936553103
2024-08-07,0.00021876269725407127
2024-08-08,0.00010935742530171488
2024-08-09,0.00021842116834736025
2024-08-12,0.0003276051577494332
2024-08-13,0.00010928578682611878
2024-08-14,0.00010936370810732399
2024-08-15,0.00010899233486472149
2024-08-16,0.0005461600965137592
2024-08-19,0.0
2024-08-20,0.0002179317317849705
2024-08-21,0.0002183331235587893
2024-08-22,0.0
2024-08-23,0.0004362119070770998
2024-08-26,0.00010900542730407636
2024-08-27,0.00021798709283182838
2024-08-28,0.00010896979240770932
2024-08-29,0.0
2024-08-30,0.000544699919128977
2024-09-03,0.0003938275375974243
2024-09-04,0.00010930369781569915
2024-09-05,0.00010965008543561972
2024-09-06,0.0005462196992729318
2024-09-09,0.0
2024-09-10,0.0003279289073763181
2024-09-11,0.0
2024-09-12,0.00010918430642048449
2024-09-13,0.0005460409036717184
2024-09-16,0.00021813617618104963
2024-09-17,0.00010944667908008299
2024-09-18,0.00021806473670582527
2024-09-19,0.0002181065827873141
2024-09-20,0.0004362074138102301
2024-09-23,0.00010907130208082094
2024-09-24,0.00010914872657297181
2024-09-25,0.00021791638887536102
2024-09-26,0.0
2024-09-27,0.0003269819485784975
2024-09-30,0.00010889884787701476
2024-10-01,0.0002297336990151333
2024-10-02,0.00010921890547122004
2024-10-03,0.00021841395600930014
2024-10-04,0.000218812271291835
2024-10-07,0.00021858603817581646
2024-10-08,0.0
2024-10-09,0.00010922455293060906
2024-10-10,0.00010912347106772913
2024-10-11,0.000546449256525916
2024-10-14,-0.0001093192573132784
2024-10-15,0.00032745900101915915
2024-10-16,0.0
2024-10-17,0.0002182345378156647
2024-10-18,0.000327458494613575
2024-10-21,0.0002182935515888662
2024-10-22,0.0001088559330444383
2024-10-23,0.0
2024-10-24,0.00010911107756883531
2024-10-25,0.0004362187187485489
2024-10-28,0.0
2024-10-29,0.00021810320657977833
2024-10-30,0.00010884996455251539
2024-10-31,0.0002181208352081132
2024-11-01,0.00042645636805493936
2024-11-04,0.00021833576076724093
2024-11-05,0.0
2024-11-06,0.000218732317397885
2024-11-07,0.00010925341809975286
2024-11-08,0.0005462962296856055
2024-11-11,-0.00010927060318965953
2024-11-12,0.00010928254455921937
2024-11-13,0.00021845244065787917
2024-11-14,0.0
2024-11-15,0.00032729648224605334
2024-11-18,0.00010903355900349077
2024-11-19,0.0003275972617020617
2024-11-20,0.0001092520042023093
2024-11-21,0.00010888539395548236
2024-11-22,0.00032724123228877744
2024-11-25,0.0001089265531915018
2024-11-26,0.0
2024-11-27,0.0003270985507788371
2024-11-29,0.0002179353338025436
2024-12-02,0.0002734226779799176
2024-12-03,0.00021853667382765174
2024-12-04,0.00010924446299220847
2024-12-05,0.00010940956807914404
2024-12-06,0.0004371478488192082
2024-12-09,0.00010899591406876574
2024-12-10,0.00021867575904899184
2024-12-11,0.00010922553348047259
2024-12-12,0.00021851564120112243
2024-12-13,0.0003271271709528456
2024-12-16,0.00010933080531994044
2024-12-17,0.00010914210505341693
2024-12-18,0.0
2024-12-19,0.00014226689304486229
2024-12-20,0.0004381373710413694
2024-12-23,0.0
2024-12-24,0.0002190169020113153
2024-12-26,0.00021888065018238478
2024-12-27,0.00043793032767713846
2024-12-30,0.0
2024-12-31,0.00021864872441224037
2025-01-02,0.00021895379430958428
2025-01-03,0.00010918833992001886
2025-01-06,0.00010926460686566664
2025-01-07,0.00021850533883149836
2025-01-08,0.00021889839887667684
2025-01-10,0.00032761469268605126
2025-01-13,0.00010960968554885042
2025-01-14,0.0002181381328891785
2025-01-15,0.00010939760674677501
2025-01-16,0.0
2025-01-17,0.0005456951906603891
2025-01-21,0.0
2025-01-22,0.0002184759148349258
2025-01-23,0.0
2025-01-24,0.00043641636250701943
2025-01-27,0.00010890255517237435
2025-01-28,0.0
2025-01-29,0.00010906661058540656
2025-01-30,0.00010949445311658756
2025-01-31,0.00032668864171747636
2025-02-03,0.00028447353802718567
2025-02-04,0.0
2025-02-05,0.00010932770055460672
2025-02-06,0.00021889512181982873
2025-02-07,0.00021840794140404185
2025-02-10,0.0001092679608771796
2025-02-11,0.00010943167546395571
2025-02-12,0.00010915625115814898
2025-02-13,0.0002187277106935337
2025-02-14,0.00032762477306813587
2025-02-18,0.00021825722091772803
2025-02-19,0.00010923640767868115
2025-02-20,0.00021818576126908518
2025-02-21,0.0003273388169895419
2025-02-24,0.00010934028177533861
2025-02-25,0.0
2025-02-26,0.0002181306171045172
2025-02-27,0.00010895386929998807
2025-02-28,0.0002183222213369973
2025-03-03,0.00020767190852755135
2025-03-04,0.0
2025-03-05,0.00010933364124299239
2025-03-06,0.00010923409119767413
2025-03-07,0.0004374141692935485
2025-03-10,0.00010934950527019538
2025-03-11,0.00010916246912029415
2025-03-12,0.00010923808449270211
2025-03-13,0.0002185398266296712
2025-03-14,0.0002184045755757591
2025-03-17,0.00021826940270641693
2025-03-18,0.0
2025-03-19,0.00010932954487508084
2025-03-20,0.0002182853701664378
2025-03-21,0.0003273565980934645
2025-03-24,0.0
2025-03-25,0.0001091705633158302
2025-03-26,0.00010907124957015846
2025-03-27,0.000218031321357115
2025-03-28,0.0003273688482374748
2025-03-31,0.0
2025-04-01,0.0002297033106621882
2025-04-02,0.00010941146412091207
2025-04-03,0.00010905025435592464
2025-04-04,0.00032833729852344007
2025-04-07,0.00010900257408397174
2025-04-08,0.00021885401128507453
2025-04-09,0.0
2025-04-10,0.00010922857580064615
2025-04-11,0.0004370410523739654
2025-04-14,0.0
2025-04-15,0.0002185122611013668
2025-04-16,0.00010923226196224434
2025-04-17,0.00043644549099153274
2025-04-21,0.00010934694172726189
2025-04-22,0.0
2025-04-23,0.00021832149451772587
2025-04-24,0.0
2025-04-25,0.00043628637980819285
2025-04-28,0.0001088281386034673
2025-04-29,0.0
2025-04-30,0.00010933861455098004
2025-05-01,0.00024050124533170347
2025-05-02,0.00032816218992004487
2025-05-05,0.0
2025-05-06,0.00021870302321702617
2025-05-07,0.0
2025-05-08,0.00021865520266306504
2025-05-09,0.00032791110452556893
2025-05-12,0.0
2025-05-13,0.00021844881521726478
2025-05-14,0.0
2025-05-15,0.00010915709861825107
2025-05-16,0.0004370152337480615
2025-05-19,0.0
2025-05-20,0.00021836873689329295
2025-05-21,0.00010907368909007786
2025-05-22,0.0002182972519120252
2025-05-23,0.000436325589870723
2025-05-27,0.0
2025-05-28,0.00010916398695681728
2025-05-29,0.00010880500607157728
2025-05-30,0.00032733383253269466
2025-06-02,0.00017493143242908182
2025-06-03,0.00021877779434009703
2025-06-04,0.0
2025-06-05,0.00010940831773709192
2025-06-06,0.0003278423069834613
2025-06-09,0.00021854767874973646
2025-06-10,0.0001093366006090779
2025-06-11,0.0
2025-06-12,0.00010923801933548916
2025-06-13,0.00043699096940197357
2025-06-16,0.0
2025-06-17,0.0002184433362488747
2025-06-18,0.00021839562917902455
2025-06-20,0.0002182613999608396
2025-06-23,0.0002183002964142311
2025-06-24,0.0
2025-06-25,0.00010891006286595228
2025-06-26,0.00010915769013331023
2025-06-27,0.000436410131426479
2025-06-30,0.00010901171586352731
2025-07-01,0.00017495294465952327
2025-07-02,0.0001092400393436499
2025-07-03,0.0005467454387975135
2025-07-07,0.00010934115476701756
2025-07-08,0.0
2025-07-09,0.00010924284260749317
2025-07-10,0.00021854816837030278
2025-07-11,0.00021858674518293597
2025-07-14,0.00010901055529433101
2025-07-15,0.00010934387890459973
2025-07-16,0.00021849126431883192
2025-07-17,0.0
2025-07-18,0.0004367145263917127
2025-07-21,0.0002181757095756076
2025-07-22,0.00010897784301122648
2025-07-23,0.00010922458989481854
2025-07-24,0.0
2025-07-25,0.00032703459869165563
2025-07-28,0.00010926312620251899
2025-07-29,0.00010899270834463515
2025-07-30,0.00010889467937502673
2025-07-31,0.0001089689640885183
2025-08-01,0.0004267844953629307
2025-08-04,0.00010925499116232196
2025-08-05,0.0
2025-08-06,0.00032790133931648313
2025-08-07,0.0
2025-08-08,0.00032779385527215155
2025-08-11,0.00010925749039669697
2025-08-12,0.00010933157462322818
2025-08-13,0.0001091476011008119
2025-08-14,0.00010913568920223327
2025-08-15,0.000436839087398333
2025-08-18,0.0
2025-08-19,0.00021823821676947297
2025-08-20,0.0002183624705294207
2025-08-21,0.0
2025-08-22,0.00032725740594941044
2025-08-25,0.00010899285534216041
2025-08-26,0.00010898097719436173
2025-08-27,0.00010905497169155787
2025-08-28,0.00010912894069448065
2025-08-29,0.00043595302352916754
2025-09-02,0.00024070802657005785
2025-09-03,0.00010930061590119777
2025-09-04,0.00021857734116448313
2025-09-05,0.0003278801284658517
2025-09-08,0.0001092289737654184
2025-09-09,0.00010930277176401937
2025-09-10,0.00010920510767897795
2025-09-11,0.00010919318322555327
2025-09-12,0.00032762948370557154
2025-09-15,0.00010914550209162321
2025-09-16,0.00010921925281004441
2025-09-17,0.00010920732526753518
2025-09-18,0.00010902411342761376
2025-09-19,0.00043647708443916855
2025-09-22,0.00010913586139360554
2025-09-23,0.0
2025-09-24,0.00021807672928719768
2025-09-25,0.0
2025-09-26,0.00032712934204726096
2025-09-29,0.00010915002242883887
2025-09-30,0.0
2025-10-01,0.0002295663693137051
2025-10-02,0.0001092840849192811
2025-10-03,0.00021880079380487416
2025-10-06,0.00021841099546771048
2025-10-07,0.0
2025-10-08,0.00021870516287769703
2025-10-09,0.0
2025-10-10,0.0004368874507689746
2025-10-13,0.00010915281359746842
2025-10-14,0.0
2025-10-15,0.00010939709985802182
2025-10-16,0.00010904357174479351
2025-10-17,0.00021831950842332581
2025-10-20,0.00021835721789686957
2025-10-21,0.0
2025-10-22,0.00021839489227337694
2025-10-23,0.00010896029016027597
2025-10-24,0.00032718652097329937
2025-10-27,0.0
2025-10-28,0.00010899807232056524
2025-10-29,0.00032729969395184355
2025-10-30,0.0
2025-10-31,0.0002178158163097521
2025-11-03,0.00014225261490397045
2025-11-04,0.00010925219514246187
2025-11-05,0.00010932547121589309
2025-11-06,0.00010948392345744296
2025-11-07,0.0003278194689324554
2025-11-10,0.00021836114002904417
2025-11-11,-0.00010907158876694023
2025-11-12,0.00010908348667615364
2025-11-13,0.0001092418800843209
2025-11-14,0.0004368346540395418
2025-11-17,0.0
2025-11-18,0.00021844960519934453
2025-11-19,0.0
2025-11-20,0.0002182317341952178
2025-11-21,0.00021835424356630995
2025-11-24,0.0
2025-11-25,0.00021822153193395977
2025-11-26,0.0001090869608433298
2025-11-28,0.0003272251865285014
2025-12-01,0.0001202577748775635
2025-12-02,0.0003279285875379401
2025-12-03,0.00010933032837745493
2025-12-04,0.00010940331702702366
2025-12-05,0.0002185279049857769
2025-12-08,0.00010928253679498567
2025-12-09,0.00021837138417901691
2025-12-10,0.0
2025-12-11,0.00010924673906553828
2025-12-12,0.00043685434654805455
2025-12-15,0.0
2025-12-16,0.0001093567835905862
2025-12-17,0.00010909033842176896
2025-12-18,0.00016429621802327432
2025-12-19,0.0003288776824350581
2025-12-22,0.0
2025-12-23,0.0
2025-12-24,0.0003285152230987354
2025-12-26,0.0003284920865695984
2025-12-29,0.0
2025-12-30,0.00010954612743430125
2025-12-31,0.00010927998888554669
2026-01-02,0.00043774982360411663
2026-01-05,0.0
2026-01-06,0.00010938957063566512
2026-01-07,0.00021867055414315217
2026-01-08,0.0
2026-01-09,0.00021879202594887737
2026-01-12,0.00010941439351852544
2026-01-13,0.00010914858938981808
2026-01-14,0.00010939048350167013
2026-01-15,0.0
2026-01-16,0.00043726029566548696
2026-01-20,0.0
2026-01-21,0.0001091616008552787
2026-01-22,0.00010914968590092222
2026-01-23,0.00032766693281849335
2026-01-26,0.0
2026-01-27,0.0001092710438241884
2026-01-28,0.00010917460449988425
2026-01-29,0.0002182408821695958
2026-01-30,0.0002182777362875754
2026-02-02,0.00015328468817710217
2026-02-03,0.0
2026-02-04,0.00021878774531924883
2026-02-05,0.0
2026-02-06,0.0003281520430482576
2026-02-09,0.0
2026-02-10,0.00010929186802677293
2026-02-11,0.00021881300736570353
2026-02-12,0.0
2026-02-13,0.00043727717467145766
2026-02-17,0.00010929259440639605
2026-02-18,0.00010919632935069146
2026-02-19,0.0
2026-02-20,0.00032780615729222085
2026-02-23,0.0
2026-02-24,0.00021838153909836677
2026-02-25,0.00010920906263311991
2026-02-26,0.00010928139436661155
2026-02-27,0.00021828616296559744
2026-03-02,0.0001423477832618314
2026-03-03,0.00010939849272628699
2026-03-04,0.00010938652600511745
2026-03-05,0.0001093745619018538
2026-03-06,0.00021880939066920568
2026-03-09,0.00010925450466503506
2026-03-10,0.00010949505610047261
2026-03-11,0.0
2026-03-12,0.00021862952444462458
2026-03-13,0.0003279567386527127
2026-03-16,0.0
2026-03-17,0.00010925503708625328
2026-03-18,0.00021857030129979194
2026-03-19,0.0
2026-03-20,0.0003276576889412741
2026-03-23,0.0001091834548485604
2026-03-24,0.00010925557787544449
2026-03-25,-0.0001092436423981713
2026-03-26,0.00021842711299857598
2026-03-27,0.00032752710732153467
2026-03-30,0.00010911195718366073
2026-03-31,0.0
2026-04-01,0.0002627135996786656
2026-04-02,0.00021873055670074137
2026-04-06,0.00021876667140974249
2026-04-07,0.00010935941151046791
2026-04-08,0.0
2026-04-09,0.00010943137310182038
2026-04-10,0.00032792255523173
2026-04-13,0.0
2026-04-14,0.00010929964678507709
2026-04-15,0.00010928770167795143
2026-04-16,0.00010935962392366605
2026-04-17,0.0003277914303965179
2026-04-20,0.00010914417803409293
2026-04-21,0.00010921608582781239
2026-04-22,0.0
2026-04-23,0.00021849212774616156
2026-04-24,0.00021836060788049672
2026-04-27,0.00010915646846743066
2026-04-28,0.00010906079058514706
2026-04-29,0.0
2026-04-30,0.00010913265253997828
2026-05-01,0.0003284509267766911
2026-05-04,0.00021875585766317762
2026-05-05,0.00010939585698555021
2026-05-06,-0.0001093838908410305
2026-05-07,0.00021879171397110042
2026-05-08,0.00021874385462816726
2026-05-11,0.00021869601621871126
2026-05-12,0.0001092404542997194
2026-05-13,0.0
2026-05-14,0.00021862431610908395
2026-05-15,0.0002185765299647091
2026-05-18,0.0
2026-05-19,0.00021852876470562776
2026-05-20,0.0002183974392084842
2026-05-21,0.0
2026-05-22,0.00021843331504145524
2026-05-26,0.00021838561234810427
2026-05-27,0.00010916896524282294
2026-05-28,0.00010907353142841636
2026-05-29,0.00032751893964699796
2026-06-01,9.842386575886763e-05
2026-06-02,-0.00010943256086970443
2026-06-03,0.00021888907533140767
2026-06-04,0.0
2026-06-05,0.00043751541987302467
2026-06-08,0.00010937273443678563
2026-06-09,0.0
2026-06-10,0.00010936077334999794
2026-06-11,0.00010934881487911774
2026-06-12,0.00032792717748186817
2026-06-15,0.0
